"Champion Men's Powerblend Fleece Pullover Hoodie, up to Size 4XL",Cotton/polyester blend helps reduce pilling and shrinkage.,#cotton,113511,5,enable,1230,300,50,10,https://i5.walmartimages.com/asr/caad199b-81a7-4323-a25a-4fa64691e630_1.59dc710f33f31749e3992f1698cfd0ce.jpeg,champion,Jacket,winter,no,yes,Color,Blue,Material,Cotton
"Champion Men's Powerblend Fleece Pullover Hoodie, up to Size 4XL",Cotton/polyester blend helps reduce pilling and shrinkage.,#cotton,113512,5,enable,1230,300,50,10,https://i5.walmartimages.com/asr/caad199b-81a7-4323-a25a-4fa64691e630_1.59dc710f33f31749e3992f1698cfd0ce.jpeg,champion,Jacket,winter,no,yes,Color,Blue,Material,Cotton
"Champion Men's Powerblend Fleece Pullover Hoodie, up to Size 4XL",Cotton/polyester blend helps reduce pilling and shrinkage.,#cotton,113513,5,enable,1230,300,50,10,https://i5.walmartimages.com/asr/caad199b-81a7-4323-a25a-4fa64691e630_1.59dc710f33f31749e3992f1698cfd0ce.jpeg,champion,Jacket,winter,no,yes,Color,Blue,Material,Cotton
"Champion Men's Powerblend Fleece Pullover Hoodie, up to Size 4XL",Cotton/polyester blend helps reduce pilling and shrinkage.,#cotton,113514,5,enable,1230,300,50,10,https://i5.walmartimages.com/asr/caad199b-81a7-4323-a25a-4fa64691e630_1.59dc710f33f31749e3992f1698cfd0ce.jpeg,champion,Jacket,winter,no,yes,Color,Blue,Material,Cotton
"Champion Men's Powerblend Fleece Pullover Hoodie, up to Size 4XL",Cotton/polyester blend helps reduce pilling and shrinkage.,#cotton,113515,5,enable,1230,300,50,10,https://i5.walmartimages.com/asr/caad199b-81a7-4323-a25a-4fa64691e630_1.59dc710f33f31749e3992f1698cfd0ce.jpeg,champion,Jacket,winter,no,yes,Color,Blue,Material,Cotton
"Champion Men's Powerblend Fleece Pullover Hoodie, up to Size 4XL",Cotton/polyester blend helps reduce pilling and shrinkage.,#cotton,113516,5,enable,1230,300,50,10,https://i5.walmartimages.com/asr/caad199b-81a7-4323-a25a-4fa64691e630_1.59dc710f33f31749e3992f1698cfd0ce.jpeg,champion,Jacket,winter,no,yes,Color,Blue,Material,Cotton
"Champion Men's Powerblend Fleece Pullover Hoodie, up to Size 4XL",Cotton/polyester blend helps reduce pilling and shrinkage.,#cotton,113517,5,enable,1230,300,50,10,https://i5.walmartimages.com/asr/caad199b-81a7-4323-a25a-4fa64691e630_1.59dc710f33f31749e3992f1698cfd0ce.jpeg,champion,Jacket,winter,no,yes,Color,Blue,Material,Cotton
"Champion Men's Powerblend Fleece Pullover Hoodie, up to Size 4XL",Cotton/polyester blend helps reduce pilling and shrinkage.,#cotton,113518,5,enable,1230,300,50,10,https://i5.walmartimages.com/asr/caad199b-81a7-4323-a25a-4fa64691e630_1.59dc710f33f31749e3992f1698cfd0ce.jpeg,champion,Jacket,winter,no,yes,Color,Blue,Material,Cotton
"Champion Men's Powerblend Fleece Pullover Hoodie, up to Size 4XL",Cotton/polyester blend helps reduce pilling and shrinkage.,#cotton,113519,5,enable,1230,300,50,10,https://i5.walmartimages.com/asr/caad199b-81a7-4323-a25a-4fa64691e630_1.59dc710f33f31749e3992f1698cfd0ce.jpeg,champion,Jacket,winter,no,yes,Color,Blue,Material,Cotton
"Champion Men's Powerblend Fleece Pullover Hoodie, up to Size 4XL",Cotton/polyester blend helps reduce pilling and shrinkage.,#cotton,113520,5,enable,1230,300,50,10,https://i5.walmartimages.com/asr/caad199b-81a7-4323-a25a-4fa64691e630_1.59dc710f33f31749e3992f1698cfd0ce.jpeg,champion,Jacket,winter,no,yes,Color,Blue,Material,Cotton
"Champion Men's Powerblend Fleece Pullover Hoodie, up to Size 4XL",Cotton/polyester blend helps reduce pilling and shrinkage.,#cotton,113521,5,enable,1230,300,50,10,https://i5.walmartimages.com/asr/caad199b-81a7-4323-a25a-4fa64691e630_1.59dc710f33f31749e3992f1698cfd0ce.jpeg,champion,Jacket,winter,no,yes,Color,Blue,Material,Cotton
"Champion Men's Powerblend Fleece Pullover Hoodie, up to Size 4XL",Cotton/polyester blend helps reduce pilling and shrinkage.,#cotton,113522,5,enable,1230,300,50,10,https://i5.walmartimages.com/asr/caad199b-81a7-4323-a25a-4fa64691e630_1.59dc710f33f31749e3992f1698cfd0ce.jpeg,champion,Jacket,winter,no,yes,Color,Blue,Material,Cotton
"Champion Men's Powerblend Fleece Pullover Hoodie, up to Size 4XL",Cotton/polyester blend helps reduce pilling and shrinkage.,#cotton,113523,5,enable,1230,300,50,10,https://i5.walmartimages.com/asr/caad199b-81a7-4323-a25a-4fa64691e630_1.59dc710f33f31749e3992f1698cfd0ce.jpeg,champion,Jacket,winter,no,yes,Color,Blue,Material,Cotton
"Champion Men's Powerblend Fleece Pullover Hoodie, up to Size 4XL",Cotton/polyester blend helps reduce pilling and shrinkage.,#cotton,113524,5,enable,1230,300,50,10,https://i5.walmartimages.com/asr/caad199b-81a7-4323-a25a-4fa64691e630_1.59dc710f33f31749e3992f1698cfd0ce.jpeg,champion,Jacket,winter,no,yes,Color,Blue,Material,Cotton
"Champion Men's Powerblend Fleece Pullover Hoodie, up to Size 4XL",Cotton/polyester blend helps reduce pilling and shrinkage.,#cotton,113525,5,enable,1230,300,50,10,https://i5.walmartimages.com/asr/caad199b-81a7-4323-a25a-4fa64691e630_1.59dc710f33f31749e3992f1698cfd0ce.jpeg,champion,Jacket,winter,no,yes,Color,Blue,Material,Cotton
"Champion Men's Powerblend Fleece Pullover Hoodie, up to Size 4XL",Cotton/polyester blend helps reduce pilling and shrinkage.,#cotton,113526,5,enable,1230,300,50,10,https://i5.walmartimages.com/asr/caad199b-81a7-4323-a25a-4fa64691e630_1.59dc710f33f31749e3992f1698cfd0ce.jpeg,champion,Jacket,winter,no,yes,Color,Blue,Material,Cotton
"Champion Men's Powerblend Fleece Pullover Hoodie, up to Size 4XL",Cotton/polyester blend helps reduce pilling and shrinkage.,#cotton,113527,5,enable,1230,300,50,10,https://i5.walmartimages.com/asr/caad199b-81a7-4323-a25a-4fa64691e630_1.59dc710f33f31749e3992f1698cfd0ce.jpeg,champion,Jacket,winter,no,yes,Color,Blue,Material,Cotton
"Champion Men's Powerblend Fleece Pullover Hoodie, up to Size 4XL",Cotton/polyester blend helps reduce pilling and shrinkage.,#cotton,113528,5,enable,1230,300,50,10,https://i5.walmartimages.com/asr/caad199b-81a7-4323-a25a-4fa64691e630_1.59dc710f33f31749e3992f1698cfd0ce.jpeg,champion,Jacket,winter,no,yes,Color,Blue,Material,Cotton
"Champion Men's Powerblend Fleece Pullover Hoodie, up to Size 4XL",Cotton/polyester blend helps reduce pilling and shrinkage.,#cotton,113529,5,enable,1230,300,50,10,https://i5.walmartimages.com/asr/caad199b-81a7-4323-a25a-4fa64691e630_1.59dc710f33f31749e3992f1698cfd0ce.jpeg,champion,Jacket,winter,no,yes,Color,Blue,Material,Cotton
"Champion Men's Powerblend Fleece Pullover Hoodie, up to Size 4XL",Cotton/polyester blend helps reduce pilling and shrinkage.,#cotton,113530,5,enable,1230,300,50,10,https://i5.walmartimages.com/asr/caad199b-81a7-4323-a25a-4fa64691e630_1.59dc710f33f31749e3992f1698cfd0ce.jpeg,champion,Jacket,winter,no,yes,Color,Blue,Material,Cotton
"Champion Men's Powerblend Fleece Pullover Hoodie, up to Size 4XL",Cotton/polyester blend helps reduce pilling and shrinkage.,#cotton,113531,5,enable,1230,300,50,10,https://i5.walmartimages.com/asr/caad199b-81a7-4323-a25a-4fa64691e630_1.59dc710f33f31749e3992f1698cfd0ce.jpeg,champion,Jacket,winter,no,yes,Color,Blue,Material,Cotton
"Champion Men's Powerblend Fleece Pullover Hoodie, up to Size 4XL",Cotton/polyester blend helps reduce pilling and shrinkage.,#cotton,113532,5,enable,1230,300,50,10,https://i5.walmartimages.com/asr/caad199b-81a7-4323-a25a-4fa64691e630_1.59dc710f33f31749e3992f1698cfd0ce.jpeg,champion,Jacket,winter,no,yes,Color,Blue,Material,Cotton
"Champion Men's Powerblend Fleece Pullover Hoodie, up to Size 4XL",Cotton/polyester blend helps reduce pilling and shrinkage.,#cotton,113533,5,enable,1230,300,50,10,https://i5.walmartimages.com/asr/caad199b-81a7-4323-a25a-4fa64691e630_1.59dc710f33f31749e3992f1698cfd0ce.jpeg,champion,Jacket,winter,no,yes,Color,Blue,Material,Cotton
"Champion Men's Powerblend Fleece Pullover Hoodie, up to Size 4XL",Cotton/polyester blend helps reduce pilling and shrinkage.,#cotton,113534,5,enable,1230,300,50,10,https://i5.walmartimages.com/asr/caad199b-81a7-4323-a25a-4fa64691e630_1.59dc710f33f31749e3992f1698cfd0ce.jpeg,champion,Jacket,winter,no,yes,Color,Blue,Material,Cotton
"Champion Men's Powerblend Fleece Pullover Hoodie, up to Size 4XL",Cotton/polyester blend helps reduce pilling and shrinkage.,#cotton,113535,5,enable,1230,300,50,10,https://i5.walmartimages.com/asr/caad199b-81a7-4323-a25a-4fa64691e630_1.59dc710f33f31749e3992f1698cfd0ce.jpeg,champion,Jacket,winter,no,yes,Color,Blue,Material,Cotton
"Champion Men's Powerblend Fleece Pullover Hoodie, up to Size 4XL",Cotton/polyester blend helps reduce pilling and shrinkage.,#cotton,113536,5,enable,1230,300,50,10,https://i5.walmartimages.com/asr/caad199b-81a7-4323-a25a-4fa64691e630_1.59dc710f33f31749e3992f1698cfd0ce.jpeg,champion,Jacket,winter,no,yes,Color,Blue,Material,Cotton
"Champion Men's Powerblend Fleece Pullover Hoodie, up to Size 4XL",Cotton/polyester blend helps reduce pilling and shrinkage.,#cotton,113537,5,enable,1230,300,50,10,https://i5.walmartimages.com/asr/caad199b-81a7-4323-a25a-4fa64691e630_1.59dc710f33f31749e3992f1698cfd0ce.jpeg,champion,Jacket,winter,no,yes,Color,Blue,Material,Cotton
"Champion Men's Powerblend Fleece Pullover Hoodie, up to Size 4XL",Cotton/polyester blend helps reduce pilling and shrinkage.,#cotton,113538,5,enable,1230,300,50,10,https://i5.walmartimages.com/asr/caad199b-81a7-4323-a25a-4fa64691e630_1.59dc710f33f31749e3992f1698cfd0ce.jpeg,champion,Jacket,winter,no,yes,Color,Blue,Material,Cotton
"Champion Men's Powerblend Fleece Pullover Hoodie, up to Size 4XL",Cotton/polyester blend helps reduce pilling and shrinkage.,#cotton,113539,5,enable,1230,300,50,10,https://i5.walmartimages.com/asr/caad199b-81a7-4323-a25a-4fa64691e630_1.59dc710f33f31749e3992f1698cfd0ce.jpeg,champion,Jacket,winter,no,yes,Color,Blue,Material,Cotton
"Champion Men's Powerblend Fleece Pullover Hoodie, up to Size 4XL",Cotton/polyester blend helps reduce pilling and shrinkage.,#cotton,113540,5,enable,1230,300,50,10,https://i5.walmartimages.com/asr/caad199b-81a7-4323-a25a-4fa64691e630_1.59dc710f33f31749e3992f1698cfd0ce.jpeg,champion,Jacket,winter,no,yes,Color,Blue,Material,Cotton
"Champion Men's Powerblend Fleece Pullover Hoodie, up to Size 4XL",Cotton/polyester blend helps reduce pilling and shrinkage.,#cotton,113541,5,enable,1230,300,50,10,https://i5.walmartimages.com/asr/caad199b-81a7-4323-a25a-4fa64691e630_1.59dc710f33f31749e3992f1698cfd0ce.jpeg,champion,Jacket,winter,no,yes,Color,Blue,Material,Cotton
"Champion Men's Powerblend Fleece Pullover Hoodie, up to Size 4XL",Cotton/polyester blend helps reduce pilling and shrinkage.,#cotton,113542,5,enable,1230,300,50,10,https://i5.walmartimages.com/asr/caad199b-81a7-4323-a25a-4fa64691e630_1.59dc710f33f31749e3992f1698cfd0ce.jpeg,champion,Jacket,winter,no,yes,Color,Blue,Material,Cotton
"Champion Men's Powerblend Fleece Pullover Hoodie, up to Size 4XL",Cotton/polyester blend helps reduce pilling and shrinkage.,#cotton,113543,5,enable,1230,300,50,10,https://i5.walmartimages.com/asr/caad199b-81a7-4323-a25a-4fa64691e630_1.59dc710f33f31749e3992f1698cfd0ce.jpeg,champion,Jacket,winter,no,yes,Color,Blue,Material,Cotton
"Champion Men's Powerblend Fleece Pullover Hoodie, up to Size 4XL",Cotton/polyester blend helps reduce pilling and shrinkage.,#cotton,113544,5,enable,1230,300,50,10,https://i5.walmartimages.com/asr/caad199b-81a7-4323-a25a-4fa64691e630_1.59dc710f33f31749e3992f1698cfd0ce.jpeg,champion,Jacket,winter,no,yes,Color,Blue,Material,Cotton
"Champion Men's Powerblend Fleece Pullover Hoodie, up to Size 4XL",Cotton/polyester blend helps reduce pilling and shrinkage.,#cotton,113545,5,enable,1230,300,50,10,https://i5.walmartimages.com/asr/caad199b-81a7-4323-a25a-4fa64691e630_1.59dc710f33f31749e3992f1698cfd0ce.jpeg,champion,Jacket,winter,no,yes,Color,Blue,Material,Cotton
"Champion Men's Powerblend Fleece Pullover Hoodie, up to Size 4XL",Cotton/polyester blend helps reduce pilling and shrinkage.,#cotton,113546,5,enable,1230,300,50,10,https://i5.walmartimages.com/asr/caad199b-81a7-4323-a25a-4fa64691e630_1.59dc710f33f31749e3992f1698cfd0ce.jpeg,champion,Jacket,winter,no,yes,Color,Blue,Material,Cotton
"Champion Men's Powerblend Fleece Pullover Hoodie, up to Size 4XL",Cotton/polyester blend helps reduce pilling and shrinkage.,#cotton,113547,5,enable,1230,300,50,10,https://i5.walmartimages.com/asr/caad199b-81a7-4323-a25a-4fa64691e630_1.59dc710f33f31749e3992f1698cfd0ce.jpeg,champion,Jacket,winter,no,yes,Color,Blue,Material,Cotton
"Champion Men's Powerblend Fleece Pullover Hoodie, up to Size 4XL",Cotton/polyester blend helps reduce pilling and shrinkage.,#cotton,113548,5,enable,1230,300,50,10,https://i5.walmartimages.com/asr/caad199b-81a7-4323-a25a-4fa64691e630_1.59dc710f33f31749e3992f1698cfd0ce.jpeg,champion,Jacket,winter,no,yes,Color,Blue,Material,Cotton
"Champion Men's Powerblend Fleece Pullover Hoodie, up to Size 4XL",Cotton/polyester blend helps reduce pilling and shrinkage.,#cotton,113549,5,enable,1230,300,50,10,https://i5.walmartimages.com/asr/caad199b-81a7-4323-a25a-4fa64691e630_1.59dc710f33f31749e3992f1698cfd0ce.jpeg,champion,Jacket,winter,no,yes,Color,Blue,Material,Cotton
"Champion Men's Powerblend Fleece Pullover Hoodie, up to Size 4XL",Cotton/polyester blend helps reduce pilling and shrinkage.,#cotton,113550,5,enable,1230,300,50,10,https://i5.walmartimages.com/asr/caad199b-81a7-4323-a25a-4fa64691e630_1.59dc710f33f31749e3992f1698cfd0ce.jpeg,champion,Jacket,winter,no,yes,Color,Blue,Material,Cotton
"Champion Men's Powerblend Fleece Pullover Hoodie, up to Size 4XL",Cotton/polyester blend helps reduce pilling and shrinkage.,#cotton,113551,5,enable,1230,300,50,10,https://i5.walmartimages.com/asr/caad199b-81a7-4323-a25a-4fa64691e630_1.59dc710f33f31749e3992f1698cfd0ce.jpeg,champion,Jacket,winter,no,yes,Color,Blue,Material,Cotton
"Champion Men's Powerblend Fleece Pullover Hoodie, up to Size 4XL",Cotton/polyester blend helps reduce pilling and shrinkage.,#cotton,113552,5,enable,1230,300,50,10,https://i5.walmartimages.com/asr/caad199b-81a7-4323-a25a-4fa64691e630_1.59dc710f33f31749e3992f1698cfd0ce.jpeg,champion,Jacket,winter,no,yes,Color,Blue,Material,Cotton
"Champion Men's Powerblend Fleece Pullover Hoodie, up to Size 4XL",Cotton/polyester blend helps reduce pilling and shrinkage.,#cotton,113553,5,enable,1230,300,50,10,https://i5.walmartimages.com/asr/caad199b-81a7-4323-a25a-4fa64691e630_1.59dc710f33f31749e3992f1698cfd0ce.jpeg,champion,Jacket,winter,no,yes,Color,Blue,Material,Cotton
"Champion Men's Powerblend Fleece Pullover Hoodie, up to Size 4XL",Cotton/polyester blend helps reduce pilling and shrinkage.,#cotton,113554,5,enable,1230,300,50,10,https://i5.walmartimages.com/asr/caad199b-81a7-4323-a25a-4fa64691e630_1.59dc710f33f31749e3992f1698cfd0ce.jpeg,champion,Jacket,winter,no,yes,Color,Blue,Material,Cotton
"Champion Men's Powerblend Fleece Pullover Hoodie, up to Size 4XL",Cotton/polyester blend helps reduce pilling and shrinkage.,#cotton,113555,5,enable,1230,300,50,10,https://i5.walmartimages.com/asr/caad199b-81a7-4323-a25a-4fa64691e630_1.59dc710f33f31749e3992f1698cfd0ce.jpeg,champion,Jacket,winter,no,yes,Color,Blue,Material,Cotton
"Champion Men's Powerblend Fleece Pullover Hoodie, up to Size 4XL",Cotton/polyester blend helps reduce pilling and shrinkage.,#cotton,113556,5,enable,1230,300,50,10,https://i5.walmartimages.com/asr/caad199b-81a7-4323-a25a-4fa64691e630_1.59dc710f33f31749e3992f1698cfd0ce.jpeg,champion,Jacket,winter,no,yes,Color,Blue,Material,Cotton
"Champion Men's Powerblend Fleece Pullover Hoodie, up to Size 4XL",Cotton/polyester blend helps reduce pilling and shrinkage.,#cotton,113557,5,enable,1230,300,50,10,https://i5.walmartimages.com/asr/caad199b-81a7-4323-a25a-4fa64691e630_1.59dc710f33f31749e3992f1698cfd0ce.jpeg,champion,Jacket,winter,no,yes,Color,Blue,Material,Cotton
"Champion Men's Powerblend Fleece Pullover Hoodie, up to Size 4XL",Cotton/polyester blend helps reduce pilling and shrinkage.,#cotton,113558,5,enable,1230,300,50,10,https://i5.walmartimages.com/asr/caad199b-81a7-4323-a25a-4fa64691e630_1.59dc710f33f31749e3992f1698cfd0ce.jpeg,champion,Jacket,winter,no,yes,Color,Blue,Material,Cotton
"Champion Men's Powerblend Fleece Pullover Hoodie, up to Size 4XL",Cotton/polyester blend helps reduce pilling and shrinkage.,#cotton,113559,5,enable,1230,300,50,10,https://i5.walmartimages.com/asr/caad199b-81a7-4323-a25a-4fa64691e630_1.59dc710f33f31749e3992f1698cfd0ce.jpeg,champion,Jacket,winter,no,yes,Color,Blue,Material,Cotton
"Champion Men's Powerblend Fleece Pullover Hoodie, up to Size 4XL",Cotton/polyester blend helps reduce pilling and shrinkage.,#cotton,113560,5,enable,1230,300,50,10,https://i5.walmartimages.com/asr/caad199b-81a7-4323-a25a-4fa64691e630_1.59dc710f33f31749e3992f1698cfd0ce.jpeg,champion,Jacket,winter,no,yes,Color,Blue,Material,Cotton
"Champion Men's Powerblend Fleece Pullover Hoodie, up to Size 4XL",Cotton/polyester blend helps reduce pilling and shrinkage.,#cotton,113561,5,enable,1230,300,50,10,https://i5.walmartimages.com/asr/caad199b-81a7-4323-a25a-4fa64691e630_1.59dc710f33f31749e3992f1698cfd0ce.jpeg,champion,Jacket,winter,no,yes,Color,Blue,Material,Cotton
"Champion Men's Powerblend Fleece Pullover Hoodie, up to Size 4XL",Cotton/polyester blend helps reduce pilling and shrinkage.,#cotton,113562,5,enable,1230,300,50,10,https://i5.walmartimages.com/asr/caad199b-81a7-4323-a25a-4fa64691e630_1.59dc710f33f31749e3992f1698cfd0ce.jpeg,champion,Jacket,winter,no,yes,Color,Blue,Material,Cotton
"Champion Men's Powerblend Fleece Pullover Hoodie, up to Size 4XL",Cotton/polyester blend helps reduce pilling and shrinkage.,#cotton,113563,5,enable,1230,300,50,10,https://i5.walmartimages.com/asr/caad199b-81a7-4323-a25a-4fa64691e630_1.59dc710f33f31749e3992f1698cfd0ce.jpeg,champion,Jacket,winter,no,yes,Color,Blue,Material,Cotton
"Champion Men's Powerblend Fleece Pullover Hoodie, up to Size 4XL",Cotton/polyester blend helps reduce pilling and shrinkage.,#cotton,113564,5,enable,1230,300,50,10,https://i5.walmartimages.com/asr/caad199b-81a7-4323-a25a-4fa64691e630_1.59dc710f33f31749e3992f1698cfd0ce.jpeg,champion,Jacket,winter,no,yes,Color,Blue,Material,Cotton
"Champion Men's Powerblend Fleece Pullover Hoodie, up to Size 4XL",Cotton/polyester blend helps reduce pilling and shrinkage.,#cotton,113565,5,enable,1230,300,50,10,https://i5.walmartimages.com/asr/caad199b-81a7-4323-a25a-4fa64691e630_1.59dc710f33f31749e3992f1698cfd0ce.jpeg,champion,Jacket,winter,no,yes,Color,Blue,Material,Cotton
"Champion Men's Powerblend Fleece Pullover Hoodie, up to Size 4XL",Cotton/polyester blend helps reduce pilling and shrinkage.,#cotton,113566,5,enable,1230,300,50,10,https://i5.walmartimages.com/asr/caad199b-81a7-4323-a25a-4fa64691e630_1.59dc710f33f31749e3992f1698cfd0ce.jpeg,champion,Jacket,winter,no,yes,Color,Blue,Material,Cotton
"Champion Men's Powerblend Fleece Pullover Hoodie, up to Size 4XL",Cotton/polyester blend helps reduce pilling and shrinkage.,#cotton,113567,5,enable,1230,300,50,10,https://i5.walmartimages.com/asr/caad199b-81a7-4323-a25a-4fa64691e630_1.59dc710f33f31749e3992f1698cfd0ce.jpeg,champion,Jacket,winter,no,yes,Color,Blue,Material,Cotton
"Champion Men's Powerblend Fleece Pullover Hoodie, up to Size 4XL",Cotton/polyester blend helps reduce pilling and shrinkage.,#cotton,113568,5,enable,1230,300,50,10,https://i5.walmartimages.com/asr/caad199b-81a7-4323-a25a-4fa64691e630_1.59dc710f33f31749e3992f1698cfd0ce.jpeg,champion,Jacket,winter,no,yes,Color,Blue,Material,Cotton
"Champion Men's Powerblend Fleece Pullover Hoodie, up to Size 4XL",Cotton/polyester blend helps reduce pilling and shrinkage.,#cotton,113569,5,enable,1230,300,50,10,https://i5.walmartimages.com/asr/caad199b-81a7-4323-a25a-4fa64691e630_1.59dc710f33f31749e3992f1698cfd0ce.jpeg,champion,Jacket,winter,no,yes,Color,Blue,Material,Cotton
"Champion Men's Powerblend Fleece Pullover Hoodie, up to Size 4XL",Cotton/polyester blend helps reduce pilling and shrinkage.,#cotton,113570,5,enable,1230,300,50,10,https://i5.walmartimages.com/asr/caad199b-81a7-4323-a25a-4fa64691e630_1.59dc710f33f31749e3992f1698cfd0ce.jpeg,champion,Jacket,winter,no,yes,Color,Blue,Material,Cotton
"Champion Men's Powerblend Fleece Pullover Hoodie, up to Size 4XL",Cotton/polyester blend helps reduce pilling and shrinkage.,#cotton,113571,5,enable,1230,300,50,10,https://i5.walmartimages.com/asr/caad199b-81a7-4323-a25a-4fa64691e630_1.59dc710f33f31749e3992f1698cfd0ce.jpeg,champion,Jacket,winter,no,yes,Color,Blue,Material,Cotton
"Champion Men's Powerblend Fleece Pullover Hoodie, up to Size 4XL",Cotton/polyester blend helps reduce pilling and shrinkage.,#cotton,113572,5,enable,1230,300,50,10,https://i5.walmartimages.com/asr/caad199b-81a7-4323-a25a-4fa64691e630_1.59dc710f33f31749e3992f1698cfd0ce.jpeg,champion,Jacket,winter,no,yes,Color,Blue,Material,Cotton
"Champion Men's Powerblend Fleece Pullover Hoodie, up to Size 4XL",Cotton/polyester blend helps reduce pilling and shrinkage.,#cotton,113573,5,enable,1230,300,50,10,https://i5.walmartimages.com/asr/caad199b-81a7-4323-a25a-4fa64691e630_1.59dc710f33f31749e3992f1698cfd0ce.jpeg,champion,Jacket,winter,no,yes,Color,Blue,Material,Cotton
"Champion Men's Powerblend Fleece Pullover Hoodie, up to Size 4XL",Cotton/polyester blend helps reduce pilling and shrinkage.,#cotton,113574,5,enable,1230,300,50,10,https://i5.walmartimages.com/asr/caad199b-81a7-4323-a25a-4fa64691e630_1.59dc710f33f31749e3992f1698cfd0ce.jpeg,champion,Jacket,winter,no,yes,Color,Blue,Material,Cotton
"Champion Men's Powerblend Fleece Pullover Hoodie, up to Size 4XL",Cotton/polyester blend helps reduce pilling and shrinkage.,#cotton,113575,5,enable,1230,300,50,10,https://i5.walmartimages.com/asr/caad199b-81a7-4323-a25a-4fa64691e630_1.59dc710f33f31749e3992f1698cfd0ce.jpeg,champion,Jacket,winter,no,yes,Color,Blue,Material,Cotton
"Champion Men's Powerblend Fleece Pullover Hoodie, up to Size 4XL",Cotton/polyester blend helps reduce pilling and shrinkage.,#cotton,113576,5,enable,1230,300,50,10,https://i5.walmartimages.com/asr/caad199b-81a7-4323-a25a-4fa64691e630_1.59dc710f33f31749e3992f1698cfd0ce.jpeg,champion,Jacket,winter,no,yes,Color,Blue,Material,Cotton
"Champion Men's Powerblend Fleece Pullover Hoodie, up to Size 4XL",Cotton/polyester blend helps reduce pilling and shrinkage.,#cotton,113577,5,enable,1230,300,50,10,https://i5.walmartimages.com/asr/caad199b-81a7-4323-a25a-4fa64691e630_1.59dc710f33f31749e3992f1698cfd0ce.jpeg,champion,Jacket,winter,no,yes,Color,Blue,Material,Cotton
"Champion Men's Powerblend Fleece Pullover Hoodie, up to Size 4XL",Cotton/polyester blend helps reduce pilling and shrinkage.,#cotton,113578,5,enable,1230,300,50,10,https://i5.walmartimages.com/asr/caad199b-81a7-4323-a25a-4fa64691e630_1.59dc710f33f31749e3992f1698cfd0ce.jpeg,champion,Jacket,winter,no,yes,Color,Blue,Material,Cotton
"Champion Men's Powerblend Fleece Pullover Hoodie, up to Size 4XL",Cotton/polyester blend helps reduce pilling and shrinkage.,#cotton,113579,5,enable,1230,300,50,10,https://i5.walmartimages.com/asr/caad199b-81a7-4323-a25a-4fa64691e630_1.59dc710f33f31749e3992f1698cfd0ce.jpeg,champion,Jacket,winter,no,yes,Color,Blue,Material,Cotton
"Champion Men's Powerblend Fleece Pullover Hoodie, up to Size 4XL",Cotton/polyester blend helps reduce pilling and shrinkage.,#cotton,113580,5,enable,1230,300,50,10,https://i5.walmartimages.com/asr/caad199b-81a7-4323-a25a-4fa64691e630_1.59dc710f33f31749e3992f1698cfd0ce.jpeg,champion,Jacket,winter,no,yes,Color,Blue,Material,Cotton
"Champion Men's Powerblend Fleece Pullover Hoodie, up to Size 4XL",Cotton/polyester blend helps reduce pilling and shrinkage.,#cotton,113581,5,enable,1230,300,50,10,https://i5.walmartimages.com/asr/caad199b-81a7-4323-a25a-4fa64691e630_1.59dc710f33f31749e3992f1698cfd0ce.jpeg,champion,Jacket,winter,no,yes,Color,Blue,Material,Cotton
"Champion Men's Powerblend Fleece Pullover Hoodie, up to Size 4XL",Cotton/polyester blend helps reduce pilling and shrinkage.,#cotton,113582,5,enable,1230,300,50,10,https://i5.walmartimages.com/asr/caad199b-81a7-4323-a25a-4fa64691e630_1.59dc710f33f31749e3992f1698cfd0ce.jpeg,champion,Jacket,winter,no,yes,Color,Blue,Material,Cotton
"Champion Men's Powerblend Fleece Pullover Hoodie, up to Size 4XL",Cotton/polyester blend helps reduce pilling and shrinkage.,#cotton,113583,5,enable,1230,300,50,10,https://i5.walmartimages.com/asr/caad199b-81a7-4323-a25a-4fa64691e630_1.59dc710f33f31749e3992f1698cfd0ce.jpeg,champion,Jacket,winter,no,yes,Color,Blue,Material,Cotton
"Champion Men's Powerblend Fleece Pullover Hoodie, up to Size 4XL",Cotton/polyester blend helps reduce pilling and shrinkage.,#cotton,113584,5,enable,1230,300,50,10,https://i5.walmartimages.com/asr/caad199b-81a7-4323-a25a-4fa64691e630_1.59dc710f33f31749e3992f1698cfd0ce.jpeg,champion,Jacket,winter,no,yes,Color,Blue,Material,Cotton
"Champion Men's Powerblend Fleece Pullover Hoodie, up to Size 4XL",Cotton/polyester blend helps reduce pilling and shrinkage.,#cotton,113585,5,enable,1230,300,50,10,https://i5.walmartimages.com/asr/caad199b-81a7-4323-a25a-4fa64691e630_1.59dc710f33f31749e3992f1698cfd0ce.jpeg,champion,Jacket,winter,no,yes,Color,Blue,Material,Cotton
"Champion Men's Powerblend Fleece Pullover Hoodie, up to Size 4XL",Cotton/polyester blend helps reduce pilling and shrinkage.,#cotton,113586,5,enable,1230,300,50,10,https://i5.walmartimages.com/asr/caad199b-81a7-4323-a25a-4fa64691e630_1.59dc710f33f31749e3992f1698cfd0ce.jpeg,champion,Jacket,winter,no,yes,Color,Blue,Material,Cotton
"Champion Men's Powerblend Fleece Pullover Hoodie, up to Size 4XL",Cotton/polyester blend helps reduce pilling and shrinkage.,#cotton,113587,5,enable,1230,300,50,10,https://i5.walmartimages.com/asr/caad199b-81a7-4323-a25a-4fa64691e630_1.59dc710f33f31749e3992f1698cfd0ce.jpeg,champion,Jacket,winter,no,yes,Color,Blue,Material,Cotton
"Champion Men's Powerblend Fleece Pullover Hoodie, up to Size 4XL",Cotton/polyester blend helps reduce pilling and shrinkage.,#cotton,113588,5,enable,1230,300,50,10,https://i5.walmartimages.com/asr/caad199b-81a7-4323-a25a-4fa64691e630_1.59dc710f33f31749e3992f1698cfd0ce.jpeg,champion,Jacket,winter,no,yes,Color,Blue,Material,Cotton
"Champion Men's Powerblend Fleece Pullover Hoodie, up to Size 4XL",Cotton/polyester blend helps reduce pilling and shrinkage.,#cotton,113589,5,enable,1230,300,50,10,https://i5.walmartimages.com/asr/caad199b-81a7-4323-a25a-4fa64691e630_1.59dc710f33f31749e3992f1698cfd0ce.jpeg,champion,Jacket,winter,no,yes,Color,Blue,Material,Cotton
"Champion Men's Powerblend Fleece Pullover Hoodie, up to Size 4XL",Cotton/polyester blend helps reduce pilling and shrinkage.,#cotton,113590,5,enable,1230,300,50,10,https://i5.walmartimages.com/asr/caad199b-81a7-4323-a25a-4fa64691e630_1.59dc710f33f31749e3992f1698cfd0ce.jpeg,champion,Jacket,winter,no,yes,Color,Blue,Material,Cotton
"Champion Men's Powerblend Fleece Pullover Hoodie, up to Size 4XL",Cotton/polyester blend helps reduce pilling and shrinkage.,#cotton,113591,5,enable,1230,300,50,10,https://i5.walmartimages.com/asr/caad199b-81a7-4323-a25a-4fa64691e630_1.59dc710f33f31749e3992f1698cfd0ce.jpeg,champion,Jacket,winter,no,yes,Color,Blue,Material,Cotton
"Champion Men's Powerblend Fleece Pullover Hoodie, up to Size 4XL",Cotton/polyester blend helps reduce pilling and shrinkage.,#cotton,113592,5,enable,1230,300,50,10,https://i5.walmartimages.com/asr/caad199b-81a7-4323-a25a-4fa64691e630_1.59dc710f33f31749e3992f1698cfd0ce.jpeg,champion,Jacket,winter,no,yes,Color,Blue,Material,Cotton
"Champion Men's Powerblend Fleece Pullover Hoodie, up to Size 4XL",Cotton/polyester blend helps reduce pilling and shrinkage.,#cotton,113593,5,enable,1230,300,50,10,https://i5.walmartimages.com/asr/caad199b-81a7-4323-a25a-4fa64691e630_1.59dc710f33f31749e3992f1698cfd0ce.jpeg,champion,Jacket,winter,no,yes,Color,Blue,Material,Cotton
"Champion Men's Powerblend Fleece Pullover Hoodie, up to Size 4XL",Cotton/polyester blend helps reduce pilling and shrinkage.,#cotton,113594,5,enable,1230,300,50,10,https://i5.walmartimages.com/asr/caad199b-81a7-4323-a25a-4fa64691e630_1.59dc710f33f31749e3992f1698cfd0ce.jpeg,champion,Jacket,winter,no,yes,Color,Blue,Material,Cotton
"Champion Men's Powerblend Fleece Pullover Hoodie, up to Size 4XL",Cotton/polyester blend helps reduce pilling and shrinkage.,#cotton,113595,5,enable,1230,300,50,10,https://i5.walmartimages.com/asr/caad199b-81a7-4323-a25a-4fa64691e630_1.59dc710f33f31749e3992f1698cfd0ce.jpeg,champion,Jacket,winter,no,yes,Color,Blue,Material,Cotton
"Champion Men's Powerblend Fleece Pullover Hoodie, up to Size 4XL",Cotton/polyester blend helps reduce pilling and shrinkage.,#cotton,113596,5,enable,1230,300,50,10,https://i5.walmartimages.com/asr/caad199b-81a7-4323-a25a-4fa64691e630_1.59dc710f33f31749e3992f1698cfd0ce.jpeg,champion,Jacket,winter,no,yes,Color,Blue,Material,Cotton
"Champion Men's Powerblend Fleece Pullover Hoodie, up to Size 4XL",Cotton/polyester blend helps reduce pilling and shrinkage.,#cotton,113597,5,enable,1230,300,50,10,https://i5.walmartimages.com/asr/caad199b-81a7-4323-a25a-4fa64691e630_1.59dc710f33f31749e3992f1698cfd0ce.jpeg,champion,Jacket,winter,no,yes,Color,Blue,Material,Cotton
"Champion Men's Powerblend Fleece Pullover Hoodie, up to Size 4XL",Cotton/polyester blend helps reduce pilling and shrinkage.,#cotton,113598,5,enable,1230,300,50,10,https://i5.walmartimages.com/asr/caad199b-81a7-4323-a25a-4fa64691e630_1.59dc710f33f31749e3992f1698cfd0ce.jpeg,champion,Jacket,winter,no,yes,Color,Blue,Material,Cotton
"Champion Men's Powerblend Fleece Pullover Hoodie, up to Size 4XL",Cotton/polyester blend helps reduce pilling and shrinkage.,#cotton,113599,5,enable,1230,300,50,10,https://i5.walmartimages.com/asr/caad199b-81a7-4323-a25a-4fa64691e630_1.59dc710f33f31749e3992f1698cfd0ce.jpeg,champion,Jacket,winter,no,yes,Color,Blue,Material,Cotton
"Champion Men's Powerblend Fleece Pullover Hoodie, up to Size 4XL",Cotton/polyester blend helps reduce pilling and shrinkage.,#cotton,113600,5,enable,1230,300,50,10,https://i5.walmartimages.com/asr/caad199b-81a7-4323-a25a-4fa64691e630_1.59dc710f33f31749e3992f1698cfd0ce.jpeg,champion,Jacket,winter,no,yes,Color,Blue,Material,Cotton
"Champion Men's Powerblend Fleece Pullover Hoodie, up to Size 4XL",Cotton/polyester blend helps reduce pilling and shrinkage.,#cotton,113601,5,enable,1230,300,50,10,https://i5.walmartimages.com/asr/caad199b-81a7-4323-a25a-4fa64691e630_1.59dc710f33f31749e3992f1698cfd0ce.jpeg,champion,Jacket,winter,no,yes,Color,Blue,Material,Cotton
"Champion Men's Powerblend Fleece Pullover Hoodie, up to Size 4XL",Cotton/polyester blend helps reduce pilling and shrinkage.,#cotton,113602,5,enable,1230,300,50,10,https://i5.walmartimages.com/asr/caad199b-81a7-4323-a25a-4fa64691e630_1.59dc710f33f31749e3992f1698cfd0ce.jpeg,champion,Jacket,winter,no,yes,Color,Blue,Material,Cotton
"Champion Men's Powerblend Fleece Pullover Hoodie, up to Size 4XL",Cotton/polyester blend helps reduce pilling and shrinkage.,#cotton,113603,5,enable,1230,300,50,10,https://i5.walmartimages.com/asr/caad199b-81a7-4323-a25a-4fa64691e630_1.59dc710f33f31749e3992f1698cfd0ce.jpeg,champion,Jacket,winter,no,yes,Color,Blue,Material,Cotton
"Champion Men's Powerblend Fleece Pullover Hoodie, up to Size 4XL",Cotton/polyester blend helps reduce pilling and shrinkage.,#cotton,113604,5,enable,1230,300,50,10,https://i5.walmartimages.com/asr/caad199b-81a7-4323-a25a-4fa64691e630_1.59dc710f33f31749e3992f1698cfd0ce.jpeg,champion,Jacket,winter,no,yes,Color,Blue,Material,Cotton
"Champion Men's Powerblend Fleece Pullover Hoodie, up to Size 4XL",Cotton/polyester blend helps reduce pilling and shrinkage.,#cotton,113605,5,enable,1230,300,50,10,https://i5.walmartimages.com/asr/caad199b-81a7-4323-a25a-4fa64691e630_1.59dc710f33f31749e3992f1698cfd0ce.jpeg,champion,Jacket,winter,no,yes,Color,Blue,Material,Cotton
"Champion Men's Powerblend Fleece Pullover Hoodie, up to Size 4XL",Cotton/polyester blend helps reduce pilling and shrinkage.,#cotton,113606,5,enable,1230,300,50,10,https://i5.walmartimages.com/asr/caad199b-81a7-4323-a25a-4fa64691e630_1.59dc710f33f31749e3992f1698cfd0ce.jpeg,champion,Jacket,winter,no,yes,Color,Blue,Material,Cotton
"Champion Men's Powerblend Fleece Pullover Hoodie, up to Size 4XL",Cotton/polyester blend helps reduce pilling and shrinkage.,#cotton,113607,5,enable,1230,300,50,10,https://i5.walmartimages.com/asr/caad199b-81a7-4323-a25a-4fa64691e630_1.59dc710f33f31749e3992f1698cfd0ce.jpeg,champion,Jacket,winter,no,yes,Color,Blue,Material,Cotton
"Champion Men's Powerblend Fleece Pullover Hoodie, up to Size 4XL",Cotton/polyester blend helps reduce pilling and shrinkage.,#cotton,113608,5,enable,1230,300,50,10,https://i5.walmartimages.com/asr/caad199b-81a7-4323-a25a-4fa64691e630_1.59dc710f33f31749e3992f1698cfd0ce.jpeg,champion,Jacket,winter,no,yes,Color,Blue,Material,Cotton
"Champion Men's Powerblend Fleece Pullover Hoodie, up to Size 4XL",Cotton/polyester blend helps reduce pilling and shrinkage.,#cotton,113609,5,enable,1230,300,50,10,https://i5.walmartimages.com/asr/caad199b-81a7-4323-a25a-4fa64691e630_1.59dc710f33f31749e3992f1698cfd0ce.jpeg,champion,Jacket,winter,no,yes,Color,Blue,Material,Cotton
"Champion Men's Powerblend Fleece Pullover Hoodie, up to Size 4XL",Cotton/polyester blend helps reduce pilling and shrinkage.,#cotton,113610,5,enable,1230,300,50,10,https://i5.walmartimages.com/asr/caad199b-81a7-4323-a25a-4fa64691e630_1.59dc710f33f31749e3992f1698cfd0ce.jpeg,champion,Jacket,winter,no,yes,Color,Blue,Material,Cotton
"Champion Men's Powerblend Fleece Pullover Hoodie, up to Size 4XL",Cotton/polyester blend helps reduce pilling and shrinkage.,#cotton,113611,5,enable,1230,300,50,10,https://i5.walmartimages.com/asr/caad199b-81a7-4323-a25a-4fa64691e630_1.59dc710f33f31749e3992f1698cfd0ce.jpeg,champion,Jacket,winter,no,yes,Color,Blue,Material,Cotton
"Champion Men's Powerblend Fleece Pullover Hoodie, up to Size 4XL",Cotton/polyester blend helps reduce pilling and shrinkage.,#cotton,113612,5,enable,1230,300,50,10,https://i5.walmartimages.com/asr/caad199b-81a7-4323-a25a-4fa64691e630_1.59dc710f33f31749e3992f1698cfd0ce.jpeg,champion,Jacket,winter,no,yes,Color,Blue,Material,Cotton
"Champion Men's Powerblend Fleece Pullover Hoodie, up to Size 4XL",Cotton/polyester blend helps reduce pilling and shrinkage.,#cotton,113613,5,enable,1230,300,50,10,https://i5.walmartimages.com/asr/caad199b-81a7-4323-a25a-4fa64691e630_1.59dc710f33f31749e3992f1698cfd0ce.jpeg,champion,Jacket,winter,no,yes,Color,Blue,Material,Cotton
"Champion Men's Powerblend Fleece Pullover Hoodie, up to Size 4XL",Cotton/polyester blend helps reduce pilling and shrinkage.,#cotton,113614,5,enable,1230,300,50,10,https://i5.walmartimages.com/asr/caad199b-81a7-4323-a25a-4fa64691e630_1.59dc710f33f31749e3992f1698cfd0ce.jpeg,champion,Jacket,winter,no,yes,Color,Blue,Material,Cotton
"Champion Men's Powerblend Fleece Pullover Hoodie, up to Size 4XL",Cotton/polyester blend helps reduce pilling and shrinkage.,#cotton,113615,5,enable,1230,300,50,10,https://i5.walmartimages.com/asr/caad199b-81a7-4323-a25a-4fa64691e630_1.59dc710f33f31749e3992f1698cfd0ce.jpeg,champion,Jacket,winter,no,yes,Color,Blue,Material,Cotton
"Champion Men's Powerblend Fleece Pullover Hoodie, up to Size 4XL",Cotton/polyester blend helps reduce pilling and shrinkage.,#cotton,113616,5,enable,1230,300,50,10,https://i5.walmartimages.com/asr/caad199b-81a7-4323-a25a-4fa64691e630_1.59dc710f33f31749e3992f1698cfd0ce.jpeg,champion,Jacket,winter,no,yes,Color,Blue,Material,Cotton
"Champion Men's Powerblend Fleece Pullover Hoodie, up to Size 4XL",Cotton/polyester blend helps reduce pilling and shrinkage.,#cotton,113617,5,enable,1230,300,50,10,https://i5.walmartimages.com/asr/caad199b-81a7-4323-a25a-4fa64691e630_1.59dc710f33f31749e3992f1698cfd0ce.jpeg,champion,Jacket,winter,no,yes,Color,Blue,Material,Cotton
"Champion Men's Powerblend Fleece Pullover Hoodie, up to Size 4XL",Cotton/polyester blend helps reduce pilling and shrinkage.,#cotton,113618,5,enable,1230,300,50,10,https://i5.walmartimages.com/asr/caad199b-81a7-4323-a25a-4fa64691e630_1.59dc710f33f31749e3992f1698cfd0ce.jpeg,champion,Jacket,winter,no,yes,Color,Blue,Material,Cotton
"Champion Men's Powerblend Fleece Pullover Hoodie, up to Size 4XL",Cotton/polyester blend helps reduce pilling and shrinkage.,#cotton,113619,5,enable,1230,300,50,10,https://i5.walmartimages.com/asr/caad199b-81a7-4323-a25a-4fa64691e630_1.59dc710f33f31749e3992f1698cfd0ce.jpeg,champion,Jacket,winter,no,yes,Color,Blue,Material,Cotton
"Champion Men's Powerblend Fleece Pullover Hoodie, up to Size 4XL",Cotton/polyester blend helps reduce pilling and shrinkage.,#cotton,113620,5,enable,1230,300,50,10,https://i5.walmartimages.com/asr/caad199b-81a7-4323-a25a-4fa64691e630_1.59dc710f33f31749e3992f1698cfd0ce.jpeg,champion,Jacket,winter,no,yes,Color,Blue,Material,Cotton
"Champion Men's Powerblend Fleece Pullover Hoodie, up to Size 4XL",Cotton/polyester blend helps reduce pilling and shrinkage.,#cotton,113621,5,enable,1230,300,50,10,https://i5.walmartimages.com/asr/caad199b-81a7-4323-a25a-4fa64691e630_1.59dc710f33f31749e3992f1698cfd0ce.jpeg,champion,Jacket,winter,no,yes,Color,Blue,Material,Cotton
"Champion Men's Powerblend Fleece Pullover Hoodie, up to Size 4XL",Cotton/polyester blend helps reduce pilling and shrinkage.,#cotton,113622,5,enable,1230,300,50,10,https://i5.walmartimages.com/asr/caad199b-81a7-4323-a25a-4fa64691e630_1.59dc710f33f31749e3992f1698cfd0ce.jpeg,champion,Jacket,winter,no,yes,Color,Blue,Material,Cotton
"Champion Men's Powerblend Fleece Pullover Hoodie, up to Size 4XL",Cotton/polyester blend helps reduce pilling and shrinkage.,#cotton,113623,5,enable,1230,300,50,10,https://i5.walmartimages.com/asr/caad199b-81a7-4323-a25a-4fa64691e630_1.59dc710f33f31749e3992f1698cfd0ce.jpeg,champion,Jacket,winter,no,yes,Color,Blue,Material,Cotton
"Champion Men's Powerblend Fleece Pullover Hoodie, up to Size 4XL",Cotton/polyester blend helps reduce pilling and shrinkage.,#cotton,113624,5,enable,1230,300,50,10,https://i5.walmartimages.com/asr/caad199b-81a7-4323-a25a-4fa64691e630_1.59dc710f33f31749e3992f1698cfd0ce.jpeg,champion,Jacket,winter,no,yes,Color,Blue,Material,Cotton
"Champion Men's Powerblend Fleece Pullover Hoodie, up to Size 4XL",Cotton/polyester blend helps reduce pilling and shrinkage.,#cotton,113625,5,enable,1230,300,50,10,https://i5.walmartimages.com/asr/caad199b-81a7-4323-a25a-4fa64691e630_1.59dc710f33f31749e3992f1698cfd0ce.jpeg,champion,Jacket,winter,no,yes,Color,Blue,Material,Cotton
"Champion Men's Powerblend Fleece Pullover Hoodie, up to Size 4XL",Cotton/polyester blend helps reduce pilling and shrinkage.,#cotton,113626,5,enable,1230,300,50,10,https://i5.walmartimages.com/asr/caad199b-81a7-4323-a25a-4fa64691e630_1.59dc710f33f31749e3992f1698cfd0ce.jpeg,champion,Jacket,winter,no,yes,Color,Blue,Material,Cotton
"Champion Men's Powerblend Fleece Pullover Hoodie, up to Size 4XL",Cotton/polyester blend helps reduce pilling and shrinkage.,#cotton,113627,5,enable,1230,300,50,10,https://i5.walmartimages.com/asr/caad199b-81a7-4323-a25a-4fa64691e630_1.59dc710f33f31749e3992f1698cfd0ce.jpeg,champion,Jacket,winter,no,yes,Color,Blue,Material,Cotton
"Champion Men's Powerblend Fleece Pullover Hoodie, up to Size 4XL",Cotton/polyester blend helps reduce pilling and shrinkage.,#cotton,113628,5,enable,1230,300,50,10,https://i5.walmartimages.com/asr/caad199b-81a7-4323-a25a-4fa64691e630_1.59dc710f33f31749e3992f1698cfd0ce.jpeg,champion,Jacket,winter,no,yes,Color,Blue,Material,Cotton
"Champion Men's Powerblend Fleece Pullover Hoodie, up to Size 4XL",Cotton/polyester blend helps reduce pilling and shrinkage.,#cotton,113629,5,enable,1230,300,50,10,https://i5.walmartimages.com/asr/caad199b-81a7-4323-a25a-4fa64691e630_1.59dc710f33f31749e3992f1698cfd0ce.jpeg,champion,Jacket,winter,no,yes,Color,Blue,Material,Cotton
"Champion Men's Powerblend Fleece Pullover Hoodie, up to Size 4XL",Cotton/polyester blend helps reduce pilling and shrinkage.,#cotton,113630,5,enable,1230,300,50,10,https://i5.walmartimages.com/asr/caad199b-81a7-4323-a25a-4fa64691e630_1.59dc710f33f31749e3992f1698cfd0ce.jpeg,champion,Jacket,winter,no,yes,Color,Blue,Material,Cotton
"Champion Men's Powerblend Fleece Pullover Hoodie, up to Size 4XL",Cotton/polyester blend helps reduce pilling and shrinkage.,#cotton,113631,5,enable,1230,300,50,10,https://i5.walmartimages.com/asr/caad199b-81a7-4323-a25a-4fa64691e630_1.59dc710f33f31749e3992f1698cfd0ce.jpeg,champion,Jacket,winter,no,yes,Color,Blue,Material,Cotton
"Champion Men's Powerblend Fleece Pullover Hoodie, up to Size 4XL",Cotton/polyester blend helps reduce pilling and shrinkage.,#cotton,113632,5,enable,1230,300,50,10,https://i5.walmartimages.com/asr/caad199b-81a7-4323-a25a-4fa64691e630_1.59dc710f33f31749e3992f1698cfd0ce.jpeg,champion,Jacket,winter,no,yes,Color,Blue,Material,Cotton
"Champion Men's Powerblend Fleece Pullover Hoodie, up to Size 4XL",Cotton/polyester blend helps reduce pilling and shrinkage.,#cotton,113633,5,enable,1230,300,50,10,https://i5.walmartimages.com/asr/caad199b-81a7-4323-a25a-4fa64691e630_1.59dc710f33f31749e3992f1698cfd0ce.jpeg,champion,Jacket,winter,no,yes,Color,Blue,Material,Cotton
"Champion Men's Powerblend Fleece Pullover Hoodie, up to Size 4XL",Cotton/polyester blend helps reduce pilling and shrinkage.,#cotton,113634,5,enable,1230,300,50,10,https://i5.walmartimages.com/asr/caad199b-81a7-4323-a25a-4fa64691e630_1.59dc710f33f31749e3992f1698cfd0ce.jpeg,champion,Jacket,winter,no,yes,Color,Blue,Material,Cotton
"Champion Men's Powerblend Fleece Pullover Hoodie, up to Size 4XL",Cotton/polyester blend helps reduce pilling and shrinkage.,#cotton,113635,5,enable,1230,300,50,10,https://i5.walmartimages.com/asr/caad199b-81a7-4323-a25a-4fa64691e630_1.59dc710f33f31749e3992f1698cfd0ce.jpeg,champion,Jacket,winter,no,yes,Color,Blue,Material,Cotton
"Champion Men's Powerblend Fleece Pullover Hoodie, up to Size 4XL",Cotton/polyester blend helps reduce pilling and shrinkage.,#cotton,113636,5,enable,1230,300,50,10,https://i5.walmartimages.com/asr/caad199b-81a7-4323-a25a-4fa64691e630_1.59dc710f33f31749e3992f1698cfd0ce.jpeg,champion,Jacket,winter,no,yes,Color,Blue,Material,Cotton
"Champion Men's Powerblend Fleece Pullover Hoodie, up to Size 4XL",Cotton/polyester blend helps reduce pilling and shrinkage.,#cotton,113637,5,enable,1230,300,50,10,https://i5.walmartimages.com/asr/caad199b-81a7-4323-a25a-4fa64691e630_1.59dc710f33f31749e3992f1698cfd0ce.jpeg,champion,Jacket,winter,no,yes,Color,Blue,Material,Cotton
"Champion Men's Powerblend Fleece Pullover Hoodie, up to Size 4XL",Cotton/polyester blend helps reduce pilling and shrinkage.,#cotton,113638,5,enable,1230,300,50,10,https://i5.walmartimages.com/asr/caad199b-81a7-4323-a25a-4fa64691e630_1.59dc710f33f31749e3992f1698cfd0ce.jpeg,champion,Jacket,winter,no,yes,Color,Blue,Material,Cotton
"Champion Men's Powerblend Fleece Pullover Hoodie, up to Size 4XL",Cotton/polyester blend helps reduce pilling and shrinkage.,#cotton,113639,5,enable,1230,300,50,10,https://i5.walmartimages.com/asr/caad199b-81a7-4323-a25a-4fa64691e630_1.59dc710f33f31749e3992f1698cfd0ce.jpeg,champion,Jacket,winter,no,yes,Color,Blue,Material,Cotton
"Champion Men's Powerblend Fleece Pullover Hoodie, up to Size 4XL",Cotton/polyester blend helps reduce pilling and shrinkage.,#cotton,113640,5,enable,1230,300,50,10,https://i5.walmartimages.com/asr/caad199b-81a7-4323-a25a-4fa64691e630_1.59dc710f33f31749e3992f1698cfd0ce.jpeg,champion,Jacket,winter,no,yes,Color,Blue,Material,Cotton
"Champion Men's Powerblend Fleece Pullover Hoodie, up to Size 4XL",Cotton/polyester blend helps reduce pilling and shrinkage.,#cotton,113641,5,enable,1230,300,50,10,https://i5.walmartimages.com/asr/caad199b-81a7-4323-a25a-4fa64691e630_1.59dc710f33f31749e3992f1698cfd0ce.jpeg,champion,Jacket,winter,no,yes,Color,Blue,Material,Cotton
"Champion Men's Powerblend Fleece Pullover Hoodie, up to Size 4XL",Cotton/polyester blend helps reduce pilling and shrinkage.,#cotton,113642,5,enable,1230,300,50,10,https://i5.walmartimages.com/asr/caad199b-81a7-4323-a25a-4fa64691e630_1.59dc710f33f31749e3992f1698cfd0ce.jpeg,champion,Jacket,winter,no,yes,Color,Blue,Material,Cotton
"Champion Men's Powerblend Fleece Pullover Hoodie, up to Size 4XL",Cotton/polyester blend helps reduce pilling and shrinkage.,#cotton,113643,5,enable,1230,300,50,10,https://i5.walmartimages.com/asr/caad199b-81a7-4323-a25a-4fa64691e630_1.59dc710f33f31749e3992f1698cfd0ce.jpeg,champion,Jacket,winter,no,yes,Color,Blue,Material,Cotton
"Champion Men's Powerblend Fleece Pullover Hoodie, up to Size 4XL",Cotton/polyester blend helps reduce pilling and shrinkage.,#cotton,113644,5,enable,1230,300,50,10,https://i5.walmartimages.com/asr/caad199b-81a7-4323-a25a-4fa64691e630_1.59dc710f33f31749e3992f1698cfd0ce.jpeg,champion,Jacket,winter,no,yes,Color,Blue,Material,Cotton
"Champion Men's Powerblend Fleece Pullover Hoodie, up to Size 4XL",Cotton/polyester blend helps reduce pilling and shrinkage.,#cotton,113645,5,enable,1230,300,50,10,https://i5.walmartimages.com/asr/caad199b-81a7-4323-a25a-4fa64691e630_1.59dc710f33f31749e3992f1698cfd0ce.jpeg,champion,Jacket,winter,no,yes,Color,Blue,Material,Cotton
"Champion Men's Powerblend Fleece Pullover Hoodie, up to Size 4XL",Cotton/polyester blend helps reduce pilling and shrinkage.,#cotton,113646,5,enable,1230,300,50,10,https://i5.walmartimages.com/asr/caad199b-81a7-4323-a25a-4fa64691e630_1.59dc710f33f31749e3992f1698cfd0ce.jpeg,champion,Jacket,winter,no,yes,Color,Blue,Material,Cotton
"Champion Men's Powerblend Fleece Pullover Hoodie, up to Size 4XL",Cotton/polyester blend helps reduce pilling and shrinkage.,#cotton,113647,5,enable,1230,300,50,10,https://i5.walmartimages.com/asr/caad199b-81a7-4323-a25a-4fa64691e630_1.59dc710f33f31749e3992f1698cfd0ce.jpeg,champion,Jacket,winter,no,yes,Color,Blue,Material,Cotton
"Champion Men's Powerblend Fleece Pullover Hoodie, up to Size 4XL",Cotton/polyester blend helps reduce pilling and shrinkage.,#cotton,113648,5,enable,1230,300,50,10,https://i5.walmartimages.com/asr/caad199b-81a7-4323-a25a-4fa64691e630_1.59dc710f33f31749e3992f1698cfd0ce.jpeg,champion,Jacket,winter,no,yes,Color,Blue,Material,Cotton
"Champion Men's Powerblend Fleece Pullover Hoodie, up to Size 4XL",Cotton/polyester blend helps reduce pilling and shrinkage.,#cotton,113649,5,enable,1230,300,50,10,https://i5.walmartimages.com/asr/caad199b-81a7-4323-a25a-4fa64691e630_1.59dc710f33f31749e3992f1698cfd0ce.jpeg,champion,Jacket,winter,no,yes,Color,Blue,Material,Cotton
"Champion Men's Powerblend Fleece Pullover Hoodie, up to Size 4XL",Cotton/polyester blend helps reduce pilling and shrinkage.,#cotton,113650,5,enable,1230,300,50,10,https://i5.walmartimages.com/asr/caad199b-81a7-4323-a25a-4fa64691e630_1.59dc710f33f31749e3992f1698cfd0ce.jpeg,champion,Jacket,winter,no,yes,Color,Blue,Material,Cotton
"Champion Men's Powerblend Fleece Pullover Hoodie, up to Size 4XL",Cotton/polyester blend helps reduce pilling and shrinkage.,#cotton,113651,5,enable,1230,300,50,10,https://i5.walmartimages.com/asr/caad199b-81a7-4323-a25a-4fa64691e630_1.59dc710f33f31749e3992f1698cfd0ce.jpeg,champion,Jacket,winter,no,yes,Color,Blue,Material,Cotton
"Champion Men's Powerblend Fleece Pullover Hoodie, up to Size 4XL",Cotton/polyester blend helps reduce pilling and shrinkage.,#cotton,113652,5,enable,1230,300,50,10,https://i5.walmartimages.com/asr/caad199b-81a7-4323-a25a-4fa64691e630_1.59dc710f33f31749e3992f1698cfd0ce.jpeg,champion,Jacket,winter,no,yes,Color,Blue,Material,Cotton
"Champion Men's Powerblend Fleece Pullover Hoodie, up to Size 4XL",Cotton/polyester blend helps reduce pilling and shrinkage.,#cotton,113653,5,enable,1230,300,50,10,https://i5.walmartimages.com/asr/caad199b-81a7-4323-a25a-4fa64691e630_1.59dc710f33f31749e3992f1698cfd0ce.jpeg,champion,Jacket,winter,no,yes,Color,Blue,Material,Cotton
"Champion Men's Powerblend Fleece Pullover Hoodie, up to Size 4XL",Cotton/polyester blend helps reduce pilling and shrinkage.,#cotton,113654,5,enable,1230,300,50,10,https://i5.walmartimages.com/asr/caad199b-81a7-4323-a25a-4fa64691e630_1.59dc710f33f31749e3992f1698cfd0ce.jpeg,champion,Jacket,winter,no,yes,Color,Blue,Material,Cotton
"Champion Men's Powerblend Fleece Pullover Hoodie, up to Size 4XL",Cotton/polyester blend helps reduce pilling and shrinkage.,#cotton,113655,5,enable,1230,300,50,10,https://i5.walmartimages.com/asr/caad199b-81a7-4323-a25a-4fa64691e630_1.59dc710f33f31749e3992f1698cfd0ce.jpeg,champion,Jacket,winter,no,yes,Color,Blue,Material,Cotton
"Champion Men's Powerblend Fleece Pullover Hoodie, up to Size 4XL",Cotton/polyester blend helps reduce pilling and shrinkage.,#cotton,113656,5,enable,1230,300,50,10,https://i5.walmartimages.com/asr/caad199b-81a7-4323-a25a-4fa64691e630_1.59dc710f33f31749e3992f1698cfd0ce.jpeg,champion,Jacket,winter,no,yes,Color,Blue,Material,Cotton
"Champion Men's Powerblend Fleece Pullover Hoodie, up to Size 4XL",Cotton/polyester blend helps reduce pilling and shrinkage.,#cotton,113657,5,enable,1230,300,50,10,https://i5.walmartimages.com/asr/caad199b-81a7-4323-a25a-4fa64691e630_1.59dc710f33f31749e3992f1698cfd0ce.jpeg,champion,Jacket,winter,no,yes,Color,Blue,Material,Cotton
"Champion Men's Powerblend Fleece Pullover Hoodie, up to Size 4XL",Cotton/polyester blend helps reduce pilling and shrinkage.,#cotton,113658,5,enable,1230,300,50,10,https://i5.walmartimages.com/asr/caad199b-81a7-4323-a25a-4fa64691e630_1.59dc710f33f31749e3992f1698cfd0ce.jpeg,champion,Jacket,winter,no,yes,Color,Blue,Material,Cotton
"Champion Men's Powerblend Fleece Pullover Hoodie, up to Size 4XL",Cotton/polyester blend helps reduce pilling and shrinkage.,#cotton,113659,5,enable,1230,300,50,10,https://i5.walmartimages.com/asr/caad199b-81a7-4323-a25a-4fa64691e630_1.59dc710f33f31749e3992f1698cfd0ce.jpeg,champion,Jacket,winter,no,yes,Color,Blue,Material,Cotton
"Champion Men's Powerblend Fleece Pullover Hoodie, up to Size 4XL",Cotton/polyester blend helps reduce pilling and shrinkage.,#cotton,113660,5,enable,1230,300,50,10,https://i5.walmartimages.com/asr/caad199b-81a7-4323-a25a-4fa64691e630_1.59dc710f33f31749e3992f1698cfd0ce.jpeg,champion,Jacket,winter,no,yes,Color,Blue,Material,Cotton
"Champion Men's Powerblend Fleece Pullover Hoodie, up to Size 4XL",Cotton/polyester blend helps reduce pilling and shrinkage.,#cotton,113661,5,enable,1230,300,50,10,https://i5.walmartimages.com/asr/caad199b-81a7-4323-a25a-4fa64691e630_1.59dc710f33f31749e3992f1698cfd0ce.jpeg,champion,Jacket,winter,no,yes,Color,Blue,Material,Cotton
"Champion Men's Powerblend Fleece Pullover Hoodie, up to Size 4XL",Cotton/polyester blend helps reduce pilling and shrinkage.,#cotton,113662,5,enable,1230,300,50,10,https://i5.walmartimages.com/asr/caad199b-81a7-4323-a25a-4fa64691e630_1.59dc710f33f31749e3992f1698cfd0ce.jpeg,champion,Jacket,winter,no,yes,Color,Blue,Material,Cotton
"Champion Men's Powerblend Fleece Pullover Hoodie, up to Size 4XL",Cotton/polyester blend helps reduce pilling and shrinkage.,#cotton,113663,5,enable,1230,300,50,10,https://i5.walmartimages.com/asr/caad199b-81a7-4323-a25a-4fa64691e630_1.59dc710f33f31749e3992f1698cfd0ce.jpeg,champion,Jacket,winter,no,yes,Color,Blue,Material,Cotton
"Champion Men's Powerblend Fleece Pullover Hoodie, up to Size 4XL",Cotton/polyester blend helps reduce pilling and shrinkage.,#cotton,113664,5,enable,1230,300,50,10,https://i5.walmartimages.com/asr/caad199b-81a7-4323-a25a-4fa64691e630_1.59dc710f33f31749e3992f1698cfd0ce.jpeg,champion,Jacket,winter,no,yes,Color,Blue,Material,Cotton
"Champion Men's Powerblend Fleece Pullover Hoodie, up to Size 4XL",Cotton/polyester blend helps reduce pilling and shrinkage.,#cotton,113665,5,enable,1230,300,50,10,https://i5.walmartimages.com/asr/caad199b-81a7-4323-a25a-4fa64691e630_1.59dc710f33f31749e3992f1698cfd0ce.jpeg,champion,Jacket,winter,no,yes,Color,Blue,Material,Cotton
"Champion Men's Powerblend Fleece Pullover Hoodie, up to Size 4XL",Cotton/polyester blend helps reduce pilling and shrinkage.,#cotton,113666,5,enable,1230,300,50,10,https://i5.walmartimages.com/asr/caad199b-81a7-4323-a25a-4fa64691e630_1.59dc710f33f31749e3992f1698cfd0ce.jpeg,champion,Jacket,winter,no,yes,Color,Blue,Material,Cotton
"Champion Men's Powerblend Fleece Pullover Hoodie, up to Size 4XL",Cotton/polyester blend helps reduce pilling and shrinkage.,#cotton,113667,5,enable,1230,300,50,10,https://i5.walmartimages.com/asr/caad199b-81a7-4323-a25a-4fa64691e630_1.59dc710f33f31749e3992f1698cfd0ce.jpeg,champion,Jacket,winter,no,yes,Color,Blue,Material,Cotton
"Champion Men's Powerblend Fleece Pullover Hoodie, up to Size 4XL",Cotton/polyester blend helps reduce pilling and shrinkage.,#cotton,113668,5,enable,1230,300,50,10,https://i5.walmartimages.com/asr/caad199b-81a7-4323-a25a-4fa64691e630_1.59dc710f33f31749e3992f1698cfd0ce.jpeg,champion,Jacket,winter,no,yes,Color,Blue,Material,Cotton
"Champion Men's Powerblend Fleece Pullover Hoodie, up to Size 4XL",Cotton/polyester blend helps reduce pilling and shrinkage.,#cotton,113669,5,enable,1230,300,50,10,https://i5.walmartimages.com/asr/caad199b-81a7-4323-a25a-4fa64691e630_1.59dc710f33f31749e3992f1698cfd0ce.jpeg,champion,Jacket,winter,no,yes,Color,Blue,Material,Cotton
"Champion Men's Powerblend Fleece Pullover Hoodie, up to Size 4XL",Cotton/polyester blend helps reduce pilling and shrinkage.,#cotton,113670,5,enable,1230,300,50,10,https://i5.walmartimages.com/asr/caad199b-81a7-4323-a25a-4fa64691e630_1.59dc710f33f31749e3992f1698cfd0ce.jpeg,champion,Jacket,winter,no,yes,Color,Blue,Material,Cotton
"Champion Men's Powerblend Fleece Pullover Hoodie, up to Size 4XL",Cotton/polyester blend helps reduce pilling and shrinkage.,#cotton,113671,5,enable,1230,300,50,10,https://i5.walmartimages.com/asr/caad199b-81a7-4323-a25a-4fa64691e630_1.59dc710f33f31749e3992f1698cfd0ce.jpeg,champion,Jacket,winter,no,yes,Color,Blue,Material,Cotton
"Champion Men's Powerblend Fleece Pullover Hoodie, up to Size 4XL",Cotton/polyester blend helps reduce pilling and shrinkage.,#cotton,113672,5,enable,1230,300,50,10,https://i5.walmartimages.com/asr/caad199b-81a7-4323-a25a-4fa64691e630_1.59dc710f33f31749e3992f1698cfd0ce.jpeg,champion,Jacket,winter,no,yes,Color,Blue,Material,Cotton
"Champion Men's Powerblend Fleece Pullover Hoodie, up to Size 4XL",Cotton/polyester blend helps reduce pilling and shrinkage.,#cotton,113673,5,enable,1230,300,50,10,https://i5.walmartimages.com/asr/caad199b-81a7-4323-a25a-4fa64691e630_1.59dc710f33f31749e3992f1698cfd0ce.jpeg,champion,Jacket,winter,no,yes,Color,Blue,Material,Cotton
"Champion Men's Powerblend Fleece Pullover Hoodie, up to Size 4XL",Cotton/polyester blend helps reduce pilling and shrinkage.,#cotton,113674,5,enable,1230,300,50,10,https://i5.walmartimages.com/asr/caad199b-81a7-4323-a25a-4fa64691e630_1.59dc710f33f31749e3992f1698cfd0ce.jpeg,champion,Jacket,winter,no,yes,Color,Blue,Material,Cotton
"Champion Men's Powerblend Fleece Pullover Hoodie, up to Size 4XL",Cotton/polyester blend helps reduce pilling and shrinkage.,#cotton,113675,5,enable,1230,300,50,10,https://i5.walmartimages.com/asr/caad199b-81a7-4323-a25a-4fa64691e630_1.59dc710f33f31749e3992f1698cfd0ce.jpeg,champion,Jacket,winter,no,yes,Color,Blue,Material,Cotton
"Champion Men's Powerblend Fleece Pullover Hoodie, up to Size 4XL",Cotton/polyester blend helps reduce pilling and shrinkage.,#cotton,113676,5,enable,1230,300,50,10,https://i5.walmartimages.com/asr/caad199b-81a7-4323-a25a-4fa64691e630_1.59dc710f33f31749e3992f1698cfd0ce.jpeg,champion,Jacket,winter,no,yes,Color,Blue,Material,Cotton
"Champion Men's Powerblend Fleece Pullover Hoodie, up to Size 4XL",Cotton/polyester blend helps reduce pilling and shrinkage.,#cotton,113677,5,enable,1230,300,50,10,https://i5.walmartimages.com/asr/caad199b-81a7-4323-a25a-4fa64691e630_1.59dc710f33f31749e3992f1698cfd0ce.jpeg,champion,Jacket,winter,no,yes,Color,Blue,Material,Cotton
"Champion Men's Powerblend Fleece Pullover Hoodie, up to Size 4XL",Cotton/polyester blend helps reduce pilling and shrinkage.,#cotton,113678,5,enable,1230,300,50,10,https://i5.walmartimages.com/asr/caad199b-81a7-4323-a25a-4fa64691e630_1.59dc710f33f31749e3992f1698cfd0ce.jpeg,champion,Jacket,winter,no,yes,Color,Blue,Material,Cotton
"Champion Men's Powerblend Fleece Pullover Hoodie, up to Size 4XL",Cotton/polyester blend helps reduce pilling and shrinkage.,#cotton,113679,5,enable,1230,300,50,10,https://i5.walmartimages.com/asr/caad199b-81a7-4323-a25a-4fa64691e630_1.59dc710f33f31749e3992f1698cfd0ce.jpeg,champion,Jacket,winter,no,yes,Color,Blue,Material,Cotton
"Champion Men's Powerblend Fleece Pullover Hoodie, up to Size 4XL",Cotton/polyester blend helps reduce pilling and shrinkage.,#cotton,113680,5,enable,1230,300,50,10,https://i5.walmartimages.com/asr/caad199b-81a7-4323-a25a-4fa64691e630_1.59dc710f33f31749e3992f1698cfd0ce.jpeg,champion,Jacket,winter,no,yes,Color,Blue,Material,Cotton
"Champion Men's Powerblend Fleece Pullover Hoodie, up to Size 4XL",Cotton/polyester blend helps reduce pilling and shrinkage.,#cotton,113681,5,enable,1230,300,50,10,https://i5.walmartimages.com/asr/caad199b-81a7-4323-a25a-4fa64691e630_1.59dc710f33f31749e3992f1698cfd0ce.jpeg,champion,Jacket,winter,no,yes,Color,Blue,Material,Cotton
"Champion Men's Powerblend Fleece Pullover Hoodie, up to Size 4XL",Cotton/polyester blend helps reduce pilling and shrinkage.,#cotton,113682,5,enable,1230,300,50,10,https://i5.walmartimages.com/asr/caad199b-81a7-4323-a25a-4fa64691e630_1.59dc710f33f31749e3992f1698cfd0ce.jpeg,champion,Jacket,winter,no,yes,Color,Blue,Material,Cotton
"Champion Men's Powerblend Fleece Pullover Hoodie, up to Size 4XL",Cotton/polyester blend helps reduce pilling and shrinkage.,#cotton,113683,5,enable,1230,300,50,10,https://i5.walmartimages.com/asr/caad199b-81a7-4323-a25a-4fa64691e630_1.59dc710f33f31749e3992f1698cfd0ce.jpeg,champion,Jacket,winter,no,yes,Color,Blue,Material,Cotton
"Champion Men's Powerblend Fleece Pullover Hoodie, up to Size 4XL",Cotton/polyester blend helps reduce pilling and shrinkage.,#cotton,113684,5,enable,1230,300,50,10,https://i5.walmartimages.com/asr/caad199b-81a7-4323-a25a-4fa64691e630_1.59dc710f33f31749e3992f1698cfd0ce.jpeg,champion,Jacket,winter,no,yes,Color,Blue,Material,Cotton
"Champion Men's Powerblend Fleece Pullover Hoodie, up to Size 4XL",Cotton/polyester blend helps reduce pilling and shrinkage.,#cotton,113685,5,enable,1230,300,50,10,https://i5.walmartimages.com/asr/caad199b-81a7-4323-a25a-4fa64691e630_1.59dc710f33f31749e3992f1698cfd0ce.jpeg,champion,Jacket,winter,no,yes,Color,Blue,Material,Cotton
"Champion Men's Powerblend Fleece Pullover Hoodie, up to Size 4XL",Cotton/polyester blend helps reduce pilling and shrinkage.,#cotton,113686,5,enable,1230,300,50,10,https://i5.walmartimages.com/asr/caad199b-81a7-4323-a25a-4fa64691e630_1.59dc710f33f31749e3992f1698cfd0ce.jpeg,champion,Jacket,winter,no,yes,Color,Blue,Material,Cotton
"Champion Men's Powerblend Fleece Pullover Hoodie, up to Size 4XL",Cotton/polyester blend helps reduce pilling and shrinkage.,#cotton,113687,5,enable,1230,300,50,10,https://i5.walmartimages.com/asr/caad199b-81a7-4323-a25a-4fa64691e630_1.59dc710f33f31749e3992f1698cfd0ce.jpeg,champion,Jacket,winter,no,yes,Color,Blue,Material,Cotton
"Champion Men's Powerblend Fleece Pullover Hoodie, up to Size 4XL",Cotton/polyester blend helps reduce pilling and shrinkage.,#cotton,113688,5,enable,1230,300,50,10,https://i5.walmartimages.com/asr/caad199b-81a7-4323-a25a-4fa64691e630_1.59dc710f33f31749e3992f1698cfd0ce.jpeg,champion,Jacket,winter,no,yes,Color,Blue,Material,Cotton
"Champion Men's Powerblend Fleece Pullover Hoodie, up to Size 4XL",Cotton/polyester blend helps reduce pilling and shrinkage.,#cotton,113689,5,enable,1230,300,50,10,https://i5.walmartimages.com/asr/caad199b-81a7-4323-a25a-4fa64691e630_1.59dc710f33f31749e3992f1698cfd0ce.jpeg,champion,Jacket,winter,no,yes,Color,Blue,Material,Cotton
"Champion Men's Powerblend Fleece Pullover Hoodie, up to Size 4XL",Cotton/polyester blend helps reduce pilling and shrinkage.,#cotton,113690,5,enable,1230,300,50,10,https://i5.walmartimages.com/asr/caad199b-81a7-4323-a25a-4fa64691e630_1.59dc710f33f31749e3992f1698cfd0ce.jpeg,champion,Jacket,winter,no,yes,Color,Blue,Material,Cotton
"Champion Men's Powerblend Fleece Pullover Hoodie, up to Size 4XL",Cotton/polyester blend helps reduce pilling and shrinkage.,#cotton,113691,5,enable,1230,300,50,10,https://i5.walmartimages.com/asr/caad199b-81a7-4323-a25a-4fa64691e630_1.59dc710f33f31749e3992f1698cfd0ce.jpeg,champion,Jacket,winter,no,yes,Color,Blue,Material,Cotton
"Champion Men's Powerblend Fleece Pullover Hoodie, up to Size 4XL",Cotton/polyester blend helps reduce pilling and shrinkage.,#cotton,113692,5,enable,1230,300,50,10,https://i5.walmartimages.com/asr/caad199b-81a7-4323-a25a-4fa64691e630_1.59dc710f33f31749e3992f1698cfd0ce.jpeg,champion,Jacket,winter,no,yes,Color,Blue,Material,Cotton
"Champion Men's Powerblend Fleece Pullover Hoodie, up to Size 4XL",Cotton/polyester blend helps reduce pilling and shrinkage.,#cotton,113693,5,enable,1230,300,50,10,https://i5.walmartimages.com/asr/caad199b-81a7-4323-a25a-4fa64691e630_1.59dc710f33f31749e3992f1698cfd0ce.jpeg,champion,Jacket,winter,no,yes,Color,Blue,Material,Cotton
"Champion Men's Powerblend Fleece Pullover Hoodie, up to Size 4XL",Cotton/polyester blend helps reduce pilling and shrinkage.,#cotton,113694,5,enable,1230,300,50,10,https://i5.walmartimages.com/asr/caad199b-81a7-4323-a25a-4fa64691e630_1.59dc710f33f31749e3992f1698cfd0ce.jpeg,champion,Jacket,winter,no,yes,Color,Blue,Material,Cotton
"Champion Men's Powerblend Fleece Pullover Hoodie, up to Size 4XL",Cotton/polyester blend helps reduce pilling and shrinkage.,#cotton,113695,5,enable,1230,300,50,10,https://i5.walmartimages.com/asr/caad199b-81a7-4323-a25a-4fa64691e630_1.59dc710f33f31749e3992f1698cfd0ce.jpeg,champion,Jacket,winter,no,yes,Color,Blue,Material,Cotton
"Champion Men's Powerblend Fleece Pullover Hoodie, up to Size 4XL",Cotton/polyester blend helps reduce pilling and shrinkage.,#cotton,113696,5,enable,1230,300,50,10,https://i5.walmartimages.com/asr/caad199b-81a7-4323-a25a-4fa64691e630_1.59dc710f33f31749e3992f1698cfd0ce.jpeg,champion,Jacket,winter,no,yes,Color,Blue,Material,Cotton
"Champion Men's Powerblend Fleece Pullover Hoodie, up to Size 4XL",Cotton/polyester blend helps reduce pilling and shrinkage.,#cotton,113697,5,enable,1230,300,50,10,https://i5.walmartimages.com/asr/caad199b-81a7-4323-a25a-4fa64691e630_1.59dc710f33f31749e3992f1698cfd0ce.jpeg,champion,Jacket,winter,no,yes,Color,Blue,Material,Cotton
"Champion Men's Powerblend Fleece Pullover Hoodie, up to Size 4XL",Cotton/polyester blend helps reduce pilling and shrinkage.,#cotton,113698,5,enable,1230,300,50,10,https://i5.walmartimages.com/asr/caad199b-81a7-4323-a25a-4fa64691e630_1.59dc710f33f31749e3992f1698cfd0ce.jpeg,champion,Jacket,winter,no,yes,Color,Blue,Material,Cotton
"Champion Men's Powerblend Fleece Pullover Hoodie, up to Size 4XL",Cotton/polyester blend helps reduce pilling and shrinkage.,#cotton,113699,5,enable,1230,300,50,10,https://i5.walmartimages.com/asr/caad199b-81a7-4323-a25a-4fa64691e630_1.59dc710f33f31749e3992f1698cfd0ce.jpeg,champion,Jacket,winter,no,yes,Color,Blue,Material,Cotton
"Champion Men's Powerblend Fleece Pullover Hoodie, up to Size 4XL",Cotton/polyester blend helps reduce pilling and shrinkage.,#cotton,113700,5,enable,1230,300,50,10,https://i5.walmartimages.com/asr/caad199b-81a7-4323-a25a-4fa64691e630_1.59dc710f33f31749e3992f1698cfd0ce.jpeg,champion,Jacket,winter,no,yes,Color,Blue,Material,Cotton
"Champion Men's Powerblend Fleece Pullover Hoodie, up to Size 4XL",Cotton/polyester blend helps reduce pilling and shrinkage.,#cotton,113701,5,enable,1230,300,50,10,https://i5.walmartimages.com/asr/caad199b-81a7-4323-a25a-4fa64691e630_1.59dc710f33f31749e3992f1698cfd0ce.jpeg,champion,Jacket,winter,no,yes,Color,Blue,Material,Cotton
"Champion Men's Powerblend Fleece Pullover Hoodie, up to Size 4XL",Cotton/polyester blend helps reduce pilling and shrinkage.,#cotton,113702,5,enable,1230,300,50,10,https://i5.walmartimages.com/asr/caad199b-81a7-4323-a25a-4fa64691e630_1.59dc710f33f31749e3992f1698cfd0ce.jpeg,champion,Jacket,winter,no,yes,Color,Blue,Material,Cotton
"Champion Men's Powerblend Fleece Pullover Hoodie, up to Size 4XL",Cotton/polyester blend helps reduce pilling and shrinkage.,#cotton,113703,5,enable,1230,300,50,10,https://i5.walmartimages.com/asr/caad199b-81a7-4323-a25a-4fa64691e630_1.59dc710f33f31749e3992f1698cfd0ce.jpeg,champion,Jacket,winter,no,yes,Color,Blue,Material,Cotton
"Champion Men's Powerblend Fleece Pullover Hoodie, up to Size 4XL",Cotton/polyester blend helps reduce pilling and shrinkage.,#cotton,113704,5,enable,1230,300,50,10,https://i5.walmartimages.com/asr/caad199b-81a7-4323-a25a-4fa64691e630_1.59dc710f33f31749e3992f1698cfd0ce.jpeg,champion,Jacket,winter,no,yes,Color,Blue,Material,Cotton
"Champion Men's Powerblend Fleece Pullover Hoodie, up to Size 4XL",Cotton/polyester blend helps reduce pilling and shrinkage.,#cotton,113705,5,enable,1230,300,50,10,https://i5.walmartimages.com/asr/caad199b-81a7-4323-a25a-4fa64691e630_1.59dc710f33f31749e3992f1698cfd0ce.jpeg,champion,Jacket,winter,no,yes,Color,Blue,Material,Cotton
"Champion Men's Powerblend Fleece Pullover Hoodie, up to Size 4XL",Cotton/polyester blend helps reduce pilling and shrinkage.,#cotton,113706,5,enable,1230,300,50,10,https://i5.walmartimages.com/asr/caad199b-81a7-4323-a25a-4fa64691e630_1.59dc710f33f31749e3992f1698cfd0ce.jpeg,champion,Jacket,winter,no,yes,Color,Blue,Material,Cotton
"Champion Men's Powerblend Fleece Pullover Hoodie, up to Size 4XL",Cotton/polyester blend helps reduce pilling and shrinkage.,#cotton,113707,5,enable,1230,300,50,10,https://i5.walmartimages.com/asr/caad199b-81a7-4323-a25a-4fa64691e630_1.59dc710f33f31749e3992f1698cfd0ce.jpeg,champion,Jacket,winter,no,yes,Color,Blue,Material,Cotton
"Champion Men's Powerblend Fleece Pullover Hoodie, up to Size 4XL",Cotton/polyester blend helps reduce pilling and shrinkage.,#cotton,113708,5,enable,1230,300,50,10,https://i5.walmartimages.com/asr/caad199b-81a7-4323-a25a-4fa64691e630_1.59dc710f33f31749e3992f1698cfd0ce.jpeg,champion,Jacket,winter,no,yes,Color,Blue,Material,Cotton
"Champion Men's Powerblend Fleece Pullover Hoodie, up to Size 4XL",Cotton/polyester blend helps reduce pilling and shrinkage.,#cotton,113709,5,enable,1230,300,50,10,https://i5.walmartimages.com/asr/caad199b-81a7-4323-a25a-4fa64691e630_1.59dc710f33f31749e3992f1698cfd0ce.jpeg,champion,Jacket,winter,no,yes,Color,Blue,Material,Cotton
"Champion Men's Powerblend Fleece Pullover Hoodie, up to Size 4XL",Cotton/polyester blend helps reduce pilling and shrinkage.,#cotton,113710,5,enable,1230,300,50,10,https://i5.walmartimages.com/asr/caad199b-81a7-4323-a25a-4fa64691e630_1.59dc710f33f31749e3992f1698cfd0ce.jpeg,champion,Jacket,winter,no,yes,Color,Blue,Material,Cotton
"Champion Men's Powerblend Fleece Pullover Hoodie, up to Size 4XL",Cotton/polyester blend helps reduce pilling and shrinkage.,#cotton,113711,5,enable,1230,300,50,10,https://i5.walmartimages.com/asr/caad199b-81a7-4323-a25a-4fa64691e630_1.59dc710f33f31749e3992f1698cfd0ce.jpeg,champion,Jacket,winter,no,yes,Color,Blue,Material,Cotton
"Champion Men's Powerblend Fleece Pullover Hoodie, up to Size 4XL",Cotton/polyester blend helps reduce pilling and shrinkage.,#cotton,113712,5,enable,1230,300,50,10,https://i5.walmartimages.com/asr/caad199b-81a7-4323-a25a-4fa64691e630_1.59dc710f33f31749e3992f1698cfd0ce.jpeg,champion,Jacket,winter,no,yes,Color,Blue,Material,Cotton
"Champion Men's Powerblend Fleece Pullover Hoodie, up to Size 4XL",Cotton/polyester blend helps reduce pilling and shrinkage.,#cotton,113713,5,enable,1230,300,50,10,https://i5.walmartimages.com/asr/caad199b-81a7-4323-a25a-4fa64691e630_1.59dc710f33f31749e3992f1698cfd0ce.jpeg,champion,Jacket,winter,no,yes,Color,Blue,Material,Cotton
"Champion Men's Powerblend Fleece Pullover Hoodie, up to Size 4XL",Cotton/polyester blend helps reduce pilling and shrinkage.,#cotton,113714,5,enable,1230,300,50,10,https://i5.walmartimages.com/asr/caad199b-81a7-4323-a25a-4fa64691e630_1.59dc710f33f31749e3992f1698cfd0ce.jpeg,champion,Jacket,winter,no,yes,Color,Blue,Material,Cotton
"Champion Men's Powerblend Fleece Pullover Hoodie, up to Size 4XL",Cotton/polyester blend helps reduce pilling and shrinkage.,#cotton,113715,5,enable,1230,300,50,10,https://i5.walmartimages.com/asr/caad199b-81a7-4323-a25a-4fa64691e630_1.59dc710f33f31749e3992f1698cfd0ce.jpeg,champion,Jacket,winter,no,yes,Color,Blue,Material,Cotton
"Champion Men's Powerblend Fleece Pullover Hoodie, up to Size 4XL",Cotton/polyester blend helps reduce pilling and shrinkage.,#cotton,113716,5,enable,1230,300,50,10,https://i5.walmartimages.com/asr/caad199b-81a7-4323-a25a-4fa64691e630_1.59dc710f33f31749e3992f1698cfd0ce.jpeg,champion,Jacket,winter,no,yes,Color,Blue,Material,Cotton
"Champion Men's Powerblend Fleece Pullover Hoodie, up to Size 4XL",Cotton/polyester blend helps reduce pilling and shrinkage.,#cotton,113717,5,enable,1230,300,50,10,https://i5.walmartimages.com/asr/caad199b-81a7-4323-a25a-4fa64691e630_1.59dc710f33f31749e3992f1698cfd0ce.jpeg,champion,Jacket,winter,no,yes,Color,Blue,Material,Cotton
"Champion Men's Powerblend Fleece Pullover Hoodie, up to Size 4XL",Cotton/polyester blend helps reduce pilling and shrinkage.,#cotton,113718,5,enable,1230,300,50,10,https://i5.walmartimages.com/asr/caad199b-81a7-4323-a25a-4fa64691e630_1.59dc710f33f31749e3992f1698cfd0ce.jpeg,champion,Jacket,winter,no,yes,Color,Blue,Material,Cotton
"Champion Men's Powerblend Fleece Pullover Hoodie, up to Size 4XL",Cotton/polyester blend helps reduce pilling and shrinkage.,#cotton,113719,5,enable,1230,300,50,10,https://i5.walmartimages.com/asr/caad199b-81a7-4323-a25a-4fa64691e630_1.59dc710f33f31749e3992f1698cfd0ce.jpeg,champion,Jacket,winter,no,yes,Color,Blue,Material,Cotton
"Champion Men's Powerblend Fleece Pullover Hoodie, up to Size 4XL",Cotton/polyester blend helps reduce pilling and shrinkage.,#cotton,113720,5,enable,1230,300,50,10,https://i5.walmartimages.com/asr/caad199b-81a7-4323-a25a-4fa64691e630_1.59dc710f33f31749e3992f1698cfd0ce.jpeg,champion,Jacket,winter,no,yes,Color,Blue,Material,Cotton
"Champion Men's Powerblend Fleece Pullover Hoodie, up to Size 4XL",Cotton/polyester blend helps reduce pilling and shrinkage.,#cotton,113721,5,enable,1230,300,50,10,https://i5.walmartimages.com/asr/caad199b-81a7-4323-a25a-4fa64691e630_1.59dc710f33f31749e3992f1698cfd0ce.jpeg,champion,Jacket,winter,no,yes,Color,Blue,Material,Cotton
"Champion Men's Powerblend Fleece Pullover Hoodie, up to Size 4XL",Cotton/polyester blend helps reduce pilling and shrinkage.,#cotton,113722,5,enable,1230,300,50,10,https://i5.walmartimages.com/asr/caad199b-81a7-4323-a25a-4fa64691e630_1.59dc710f33f31749e3992f1698cfd0ce.jpeg,champion,Jacket,winter,no,yes,Color,Blue,Material,Cotton
"Champion Men's Powerblend Fleece Pullover Hoodie, up to Size 4XL",Cotton/polyester blend helps reduce pilling and shrinkage.,#cotton,113723,5,enable,1230,300,50,10,https://i5.walmartimages.com/asr/caad199b-81a7-4323-a25a-4fa64691e630_1.59dc710f33f31749e3992f1698cfd0ce.jpeg,champion,Jacket,winter,no,yes,Color,Blue,Material,Cotton
"Champion Men's Powerblend Fleece Pullover Hoodie, up to Size 4XL",Cotton/polyester blend helps reduce pilling and shrinkage.,#cotton,113724,5,enable,1230,300,50,10,https://i5.walmartimages.com/asr/caad199b-81a7-4323-a25a-4fa64691e630_1.59dc710f33f31749e3992f1698cfd0ce.jpeg,champion,Jacket,winter,no,yes,Color,Blue,Material,Cotton
"Champion Men's Powerblend Fleece Pullover Hoodie, up to Size 4XL",Cotton/polyester blend helps reduce pilling and shrinkage.,#cotton,113725,5,enable,1230,300,50,10,https://i5.walmartimages.com/asr/caad199b-81a7-4323-a25a-4fa64691e630_1.59dc710f33f31749e3992f1698cfd0ce.jpeg,champion,Jacket,winter,no,yes,Color,Blue,Material,Cotton
"Champion Men's Powerblend Fleece Pullover Hoodie, up to Size 4XL",Cotton/polyester blend helps reduce pilling and shrinkage.,#cotton,113726,5,enable,1230,300,50,10,https://i5.walmartimages.com/asr/caad199b-81a7-4323-a25a-4fa64691e630_1.59dc710f33f31749e3992f1698cfd0ce.jpeg,champion,Jacket,winter,no,yes,Color,Blue,Material,Cotton
"Champion Men's Powerblend Fleece Pullover Hoodie, up to Size 4XL",Cotton/polyester blend helps reduce pilling and shrinkage.,#cotton,113727,5,enable,1230,300,50,10,https://i5.walmartimages.com/asr/caad199b-81a7-4323-a25a-4fa64691e630_1.59dc710f33f31749e3992f1698cfd0ce.jpeg,champion,Jacket,winter,no,yes,Color,Blue,Material,Cotton
"Champion Men's Powerblend Fleece Pullover Hoodie, up to Size 4XL",Cotton/polyester blend helps reduce pilling and shrinkage.,#cotton,113728,5,enable,1230,300,50,10,https://i5.walmartimages.com/asr/caad199b-81a7-4323-a25a-4fa64691e630_1.59dc710f33f31749e3992f1698cfd0ce.jpeg,champion,Jacket,winter,no,yes,Color,Blue,Material,Cotton
"Champion Men's Powerblend Fleece Pullover Hoodie, up to Size 4XL",Cotton/polyester blend helps reduce pilling and shrinkage.,#cotton,113729,5,enable,1230,300,50,10,https://i5.walmartimages.com/asr/caad199b-81a7-4323-a25a-4fa64691e630_1.59dc710f33f31749e3992f1698cfd0ce.jpeg,champion,Jacket,winter,no,yes,Color,Blue,Material,Cotton
"Champion Men's Powerblend Fleece Pullover Hoodie, up to Size 4XL",Cotton/polyester blend helps reduce pilling and shrinkage.,#cotton,113730,5,enable,1230,300,50,10,https://i5.walmartimages.com/asr/caad199b-81a7-4323-a25a-4fa64691e630_1.59dc710f33f31749e3992f1698cfd0ce.jpeg,champion,Jacket,winter,no,yes,Color,Blue,Material,Cotton
"Champion Men's Powerblend Fleece Pullover Hoodie, up to Size 4XL",Cotton/polyester blend helps reduce pilling and shrinkage.,#cotton,113731,5,enable,1230,300,50,10,https://i5.walmartimages.com/asr/caad199b-81a7-4323-a25a-4fa64691e630_1.59dc710f33f31749e3992f1698cfd0ce.jpeg,champion,Jacket,winter,no,yes,Color,Blue,Material,Cotton
"Champion Men's Powerblend Fleece Pullover Hoodie, up to Size 4XL",Cotton/polyester blend helps reduce pilling and shrinkage.,#cotton,113732,5,enable,1230,300,50,10,https://i5.walmartimages.com/asr/caad199b-81a7-4323-a25a-4fa64691e630_1.59dc710f33f31749e3992f1698cfd0ce.jpeg,champion,Jacket,winter,no,yes,Color,Blue,Material,Cotton
"Champion Men's Powerblend Fleece Pullover Hoodie, up to Size 4XL",Cotton/polyester blend helps reduce pilling and shrinkage.,#cotton,113733,5,enable,1230,300,50,10,https://i5.walmartimages.com/asr/caad199b-81a7-4323-a25a-4fa64691e630_1.59dc710f33f31749e3992f1698cfd0ce.jpeg,champion,Jacket,winter,no,yes,Color,Blue,Material,Cotton
"Champion Men's Powerblend Fleece Pullover Hoodie, up to Size 4XL",Cotton/polyester blend helps reduce pilling and shrinkage.,#cotton,113734,5,enable,1230,300,50,10,https://i5.walmartimages.com/asr/caad199b-81a7-4323-a25a-4fa64691e630_1.59dc710f33f31749e3992f1698cfd0ce.jpeg,champion,Jacket,winter,no,yes,Color,Blue,Material,Cotton
"Champion Men's Powerblend Fleece Pullover Hoodie, up to Size 4XL",Cotton/polyester blend helps reduce pilling and shrinkage.,#cotton,113735,5,enable,1230,300,50,10,https://i5.walmartimages.com/asr/caad199b-81a7-4323-a25a-4fa64691e630_1.59dc710f33f31749e3992f1698cfd0ce.jpeg,champion,Jacket,winter,no,yes,Color,Blue,Material,Cotton
"Champion Men's Powerblend Fleece Pullover Hoodie, up to Size 4XL",Cotton/polyester blend helps reduce pilling and shrinkage.,#cotton,113736,5,enable,1230,300,50,10,https://i5.walmartimages.com/asr/caad199b-81a7-4323-a25a-4fa64691e630_1.59dc710f33f31749e3992f1698cfd0ce.jpeg,champion,Jacket,winter,no,yes,Color,Blue,Material,Cotton
"Champion Men's Powerblend Fleece Pullover Hoodie, up to Size 4XL",Cotton/polyester blend helps reduce pilling and shrinkage.,#cotton,113737,5,enable,1230,300,50,10,https://i5.walmartimages.com/asr/caad199b-81a7-4323-a25a-4fa64691e630_1.59dc710f33f31749e3992f1698cfd0ce.jpeg,champion,Jacket,winter,no,yes,Color,Blue,Material,Cotton
"Champion Men's Powerblend Fleece Pullover Hoodie, up to Size 4XL",Cotton/polyester blend helps reduce pilling and shrinkage.,#cotton,113738,5,enable,1230,300,50,10,https://i5.walmartimages.com/asr/caad199b-81a7-4323-a25a-4fa64691e630_1.59dc710f33f31749e3992f1698cfd0ce.jpeg,champion,Jacket,winter,no,yes,Color,Blue,Material,Cotton
"Champion Men's Powerblend Fleece Pullover Hoodie, up to Size 4XL",Cotton/polyester blend helps reduce pilling and shrinkage.,#cotton,113739,5,enable,1230,300,50,10,https://i5.walmartimages.com/asr/caad199b-81a7-4323-a25a-4fa64691e630_1.59dc710f33f31749e3992f1698cfd0ce.jpeg,champion,Jacket,winter,no,yes,Color,Blue,Material,Cotton
"Champion Men's Powerblend Fleece Pullover Hoodie, up to Size 4XL",Cotton/polyester blend helps reduce pilling and shrinkage.,#cotton,113740,5,enable,1230,300,50,10,https://i5.walmartimages.com/asr/caad199b-81a7-4323-a25a-4fa64691e630_1.59dc710f33f31749e3992f1698cfd0ce.jpeg,champion,Jacket,winter,no,yes,Color,Blue,Material,Cotton
"Champion Men's Powerblend Fleece Pullover Hoodie, up to Size 4XL",Cotton/polyester blend helps reduce pilling and shrinkage.,#cotton,113741,5,enable,1230,300,50,10,https://i5.walmartimages.com/asr/caad199b-81a7-4323-a25a-4fa64691e630_1.59dc710f33f31749e3992f1698cfd0ce.jpeg,champion,Jacket,winter,no,yes,Color,Blue,Material,Cotton
"Champion Men's Powerblend Fleece Pullover Hoodie, up to Size 4XL",Cotton/polyester blend helps reduce pilling and shrinkage.,#cotton,113742,5,enable,1230,300,50,10,https://i5.walmartimages.com/asr/caad199b-81a7-4323-a25a-4fa64691e630_1.59dc710f33f31749e3992f1698cfd0ce.jpeg,champion,Jacket,winter,no,yes,Color,Blue,Material,Cotton
"Champion Men's Powerblend Fleece Pullover Hoodie, up to Size 4XL",Cotton/polyester blend helps reduce pilling and shrinkage.,#cotton,113743,5,enable,1230,300,50,10,https://i5.walmartimages.com/asr/caad199b-81a7-4323-a25a-4fa64691e630_1.59dc710f33f31749e3992f1698cfd0ce.jpeg,champion,Jacket,winter,no,yes,Color,Blue,Material,Cotton
"Champion Men's Powerblend Fleece Pullover Hoodie, up to Size 4XL",Cotton/polyester blend helps reduce pilling and shrinkage.,#cotton,113744,5,enable,1230,300,50,10,https://i5.walmartimages.com/asr/caad199b-81a7-4323-a25a-4fa64691e630_1.59dc710f33f31749e3992f1698cfd0ce.jpeg,champion,Jacket,winter,no,yes,Color,Blue,Material,Cotton
"Champion Men's Powerblend Fleece Pullover Hoodie, up to Size 4XL",Cotton/polyester blend helps reduce pilling and shrinkage.,#cotton,113745,5,enable,1230,300,50,10,https://i5.walmartimages.com/asr/caad199b-81a7-4323-a25a-4fa64691e630_1.59dc710f33f31749e3992f1698cfd0ce.jpeg,champion,Jacket,winter,no,yes,Color,Blue,Material,Cotton
"Champion Men's Powerblend Fleece Pullover Hoodie, up to Size 4XL",Cotton/polyester blend helps reduce pilling and shrinkage.,#cotton,113746,5,enable,1230,300,50,10,https://i5.walmartimages.com/asr/caad199b-81a7-4323-a25a-4fa64691e630_1.59dc710f33f31749e3992f1698cfd0ce.jpeg,champion,Jacket,winter,no,yes,Color,Blue,Material,Cotton
"Champion Men's Powerblend Fleece Pullover Hoodie, up to Size 4XL",Cotton/polyester blend helps reduce pilling and shrinkage.,#cotton,113747,5,enable,1230,300,50,10,https://i5.walmartimages.com/asr/caad199b-81a7-4323-a25a-4fa64691e630_1.59dc710f33f31749e3992f1698cfd0ce.jpeg,champion,Jacket,winter,no,yes,Color,Blue,Material,Cotton
"Champion Men's Powerblend Fleece Pullover Hoodie, up to Size 4XL",Cotton/polyester blend helps reduce pilling and shrinkage.,#cotton,113748,5,enable,1230,300,50,10,https://i5.walmartimages.com/asr/caad199b-81a7-4323-a25a-4fa64691e630_1.59dc710f33f31749e3992f1698cfd0ce.jpeg,champion,Jacket,winter,no,yes,Color,Blue,Material,Cotton
"Champion Men's Powerblend Fleece Pullover Hoodie, up to Size 4XL",Cotton/polyester blend helps reduce pilling and shrinkage.,#cotton,113749,5,enable,1230,300,50,10,https://i5.walmartimages.com/asr/caad199b-81a7-4323-a25a-4fa64691e630_1.59dc710f33f31749e3992f1698cfd0ce.jpeg,champion,Jacket,winter,no,yes,Color,Blue,Material,Cotton
"Champion Men's Powerblend Fleece Pullover Hoodie, up to Size 4XL",Cotton/polyester blend helps reduce pilling and shrinkage.,#cotton,113750,5,enable,1230,300,50,10,https://i5.walmartimages.com/asr/caad199b-81a7-4323-a25a-4fa64691e630_1.59dc710f33f31749e3992f1698cfd0ce.jpeg,champion,Jacket,winter,no,yes,Color,Blue,Material,Cotton
"Champion Men's Powerblend Fleece Pullover Hoodie, up to Size 4XL",Cotton/polyester blend helps reduce pilling and shrinkage.,#cotton,113751,5,enable,1230,300,50,10,https://i5.walmartimages.com/asr/caad199b-81a7-4323-a25a-4fa64691e630_1.59dc710f33f31749e3992f1698cfd0ce.jpeg,champion,Jacket,winter,no,yes,Color,Blue,Material,Cotton
"Champion Men's Powerblend Fleece Pullover Hoodie, up to Size 4XL",Cotton/polyester blend helps reduce pilling and shrinkage.,#cotton,113752,5,enable,1230,300,50,10,https://i5.walmartimages.com/asr/caad199b-81a7-4323-a25a-4fa64691e630_1.59dc710f33f31749e3992f1698cfd0ce.jpeg,champion,Jacket,winter,no,yes,Color,Blue,Material,Cotton
"Champion Men's Powerblend Fleece Pullover Hoodie, up to Size 4XL",Cotton/polyester blend helps reduce pilling and shrinkage.,#cotton,113753,5,enable,1230,300,50,10,https://i5.walmartimages.com/asr/caad199b-81a7-4323-a25a-4fa64691e630_1.59dc710f33f31749e3992f1698cfd0ce.jpeg,champion,Jacket,winter,no,yes,Color,Blue,Material,Cotton
"Champion Men's Powerblend Fleece Pullover Hoodie, up to Size 4XL",Cotton/polyester blend helps reduce pilling and shrinkage.,#cotton,113754,5,enable,1230,300,50,10,https://i5.walmartimages.com/asr/caad199b-81a7-4323-a25a-4fa64691e630_1.59dc710f33f31749e3992f1698cfd0ce.jpeg,champion,Jacket,winter,no,yes,Color,Blue,Material,Cotton
"Champion Men's Powerblend Fleece Pullover Hoodie, up to Size 4XL",Cotton/polyester blend helps reduce pilling and shrinkage.,#cotton,113755,5,enable,1230,300,50,10,https://i5.walmartimages.com/asr/caad199b-81a7-4323-a25a-4fa64691e630_1.59dc710f33f31749e3992f1698cfd0ce.jpeg,champion,Jacket,winter,no,yes,Color,Blue,Material,Cotton
"Champion Men's Powerblend Fleece Pullover Hoodie, up to Size 4XL",Cotton/polyester blend helps reduce pilling and shrinkage.,#cotton,113756,5,enable,1230,300,50,10,https://i5.walmartimages.com/asr/caad199b-81a7-4323-a25a-4fa64691e630_1.59dc710f33f31749e3992f1698cfd0ce.jpeg,champion,Jacket,winter,no,yes,Color,Blue,Material,Cotton
"Champion Men's Powerblend Fleece Pullover Hoodie, up to Size 4XL",Cotton/polyester blend helps reduce pilling and shrinkage.,#cotton,113757,5,enable,1230,300,50,10,https://i5.walmartimages.com/asr/caad199b-81a7-4323-a25a-4fa64691e630_1.59dc710f33f31749e3992f1698cfd0ce.jpeg,champion,Jacket,winter,no,yes,Color,Blue,Material,Cotton
"Champion Men's Powerblend Fleece Pullover Hoodie, up to Size 4XL",Cotton/polyester blend helps reduce pilling and shrinkage.,#cotton,113758,5,enable,1230,300,50,10,https://i5.walmartimages.com/asr/caad199b-81a7-4323-a25a-4fa64691e630_1.59dc710f33f31749e3992f1698cfd0ce.jpeg,champion,Jacket,winter,no,yes,Color,Blue,Material,Cotton
"Champion Men's Powerblend Fleece Pullover Hoodie, up to Size 4XL",Cotton/polyester blend helps reduce pilling and shrinkage.,#cotton,113759,5,enable,1230,300,50,10,https://i5.walmartimages.com/asr/caad199b-81a7-4323-a25a-4fa64691e630_1.59dc710f33f31749e3992f1698cfd0ce.jpeg,champion,Jacket,winter,no,yes,Color,Blue,Material,Cotton
"Champion Men's Powerblend Fleece Pullover Hoodie, up to Size 4XL",Cotton/polyester blend helps reduce pilling and shrinkage.,#cotton,113760,5,enable,1230,300,50,10,https://i5.walmartimages.com/asr/caad199b-81a7-4323-a25a-4fa64691e630_1.59dc710f33f31749e3992f1698cfd0ce.jpeg,champion,Jacket,winter,no,yes,Color,Blue,Material,Cotton
"Champion Men's Powerblend Fleece Pullover Hoodie, up to Size 4XL",Cotton/polyester blend helps reduce pilling and shrinkage.,#cotton,113761,5,enable,1230,300,50,10,https://i5.walmartimages.com/asr/caad199b-81a7-4323-a25a-4fa64691e630_1.59dc710f33f31749e3992f1698cfd0ce.jpeg,champion,Jacket,winter,no,yes,Color,Blue,Material,Cotton
"Champion Men's Powerblend Fleece Pullover Hoodie, up to Size 4XL",Cotton/polyester blend helps reduce pilling and shrinkage.,#cotton,113762,5,enable,1230,300,50,10,https://i5.walmartimages.com/asr/caad199b-81a7-4323-a25a-4fa64691e630_1.59dc710f33f31749e3992f1698cfd0ce.jpeg,champion,Jacket,winter,no,yes,Color,Blue,Material,Cotton
"Champion Men's Powerblend Fleece Pullover Hoodie, up to Size 4XL",Cotton/polyester blend helps reduce pilling and shrinkage.,#cotton,113763,5,enable,1230,300,50,10,https://i5.walmartimages.com/asr/caad199b-81a7-4323-a25a-4fa64691e630_1.59dc710f33f31749e3992f1698cfd0ce.jpeg,champion,Jacket,winter,no,yes,Color,Blue,Material,Cotton
"Champion Men's Powerblend Fleece Pullover Hoodie, up to Size 4XL",Cotton/polyester blend helps reduce pilling and shrinkage.,#cotton,113764,5,enable,1230,300,50,10,https://i5.walmartimages.com/asr/caad199b-81a7-4323-a25a-4fa64691e630_1.59dc710f33f31749e3992f1698cfd0ce.jpeg,champion,Jacket,winter,no,yes,Color,Blue,Material,Cotton
"Champion Men's Powerblend Fleece Pullover Hoodie, up to Size 4XL",Cotton/polyester blend helps reduce pilling and shrinkage.,#cotton,113765,5,enable,1230,300,50,10,https://i5.walmartimages.com/asr/caad199b-81a7-4323-a25a-4fa64691e630_1.59dc710f33f31749e3992f1698cfd0ce.jpeg,champion,Jacket,winter,no,yes,Color,Blue,Material,Cotton
"Champion Men's Powerblend Fleece Pullover Hoodie, up to Size 4XL",Cotton/polyester blend helps reduce pilling and shrinkage.,#cotton,113766,5,enable,1230,300,50,10,https://i5.walmartimages.com/asr/caad199b-81a7-4323-a25a-4fa64691e630_1.59dc710f33f31749e3992f1698cfd0ce.jpeg,champion,Jacket,winter,no,yes,Color,Blue,Material,Cotton
"Champion Men's Powerblend Fleece Pullover Hoodie, up to Size 4XL",Cotton/polyester blend helps reduce pilling and shrinkage.,#cotton,113767,5,enable,1230,300,50,10,https://i5.walmartimages.com/asr/caad199b-81a7-4323-a25a-4fa64691e630_1.59dc710f33f31749e3992f1698cfd0ce.jpeg,champion,Jacket,winter,no,yes,Color,Blue,Material,Cotton
"Champion Men's Powerblend Fleece Pullover Hoodie, up to Size 4XL",Cotton/polyester blend helps reduce pilling and shrinkage.,#cotton,113768,5,enable,1230,300,50,10,https://i5.walmartimages.com/asr/caad199b-81a7-4323-a25a-4fa64691e630_1.59dc710f33f31749e3992f1698cfd0ce.jpeg,champion,Jacket,winter,no,yes,Color,Blue,Material,Cotton
"Champion Men's Powerblend Fleece Pullover Hoodie, up to Size 4XL",Cotton/polyester blend helps reduce pilling and shrinkage.,#cotton,113769,5,enable,1230,300,50,10,https://i5.walmartimages.com/asr/caad199b-81a7-4323-a25a-4fa64691e630_1.59dc710f33f31749e3992f1698cfd0ce.jpeg,champion,Jacket,winter,no,yes,Color,Blue,Material,Cotton
"Champion Men's Powerblend Fleece Pullover Hoodie, up to Size 4XL",Cotton/polyester blend helps reduce pilling and shrinkage.,#cotton,113770,5,enable,1230,300,50,10,https://i5.walmartimages.com/asr/caad199b-81a7-4323-a25a-4fa64691e630_1.59dc710f33f31749e3992f1698cfd0ce.jpeg,champion,Jacket,winter,no,yes,Color,Blue,Material,Cotton
"Champion Men's Powerblend Fleece Pullover Hoodie, up to Size 4XL",Cotton/polyester blend helps reduce pilling and shrinkage.,#cotton,113771,5,enable,1230,300,50,10,https://i5.walmartimages.com/asr/caad199b-81a7-4323-a25a-4fa64691e630_1.59dc710f33f31749e3992f1698cfd0ce.jpeg,champion,Jacket,winter,no,yes,Color,Blue,Material,Cotton
"Champion Men's Powerblend Fleece Pullover Hoodie, up to Size 4XL",Cotton/polyester blend helps reduce pilling and shrinkage.,#cotton,113772,5,enable,1230,300,50,10,https://i5.walmartimages.com/asr/caad199b-81a7-4323-a25a-4fa64691e630_1.59dc710f33f31749e3992f1698cfd0ce.jpeg,champion,Jacket,winter,no,yes,Color,Blue,Material,Cotton
"Champion Men's Powerblend Fleece Pullover Hoodie, up to Size 4XL",Cotton/polyester blend helps reduce pilling and shrinkage.,#cotton,113773,5,enable,1230,300,50,10,https://i5.walmartimages.com/asr/caad199b-81a7-4323-a25a-4fa64691e630_1.59dc710f33f31749e3992f1698cfd0ce.jpeg,champion,Jacket,winter,no,yes,Color,Blue,Material,Cotton
"Champion Men's Powerblend Fleece Pullover Hoodie, up to Size 4XL",Cotton/polyester blend helps reduce pilling and shrinkage.,#cotton,113774,5,enable,1230,300,50,10,https://i5.walmartimages.com/asr/caad199b-81a7-4323-a25a-4fa64691e630_1.59dc710f33f31749e3992f1698cfd0ce.jpeg,champion,Jacket,winter,no,yes,Color,Blue,Material,Cotton
"Champion Men's Powerblend Fleece Pullover Hoodie, up to Size 4XL",Cotton/polyester blend helps reduce pilling and shrinkage.,#cotton,113775,5,enable,1230,300,50,10,https://i5.walmartimages.com/asr/caad199b-81a7-4323-a25a-4fa64691e630_1.59dc710f33f31749e3992f1698cfd0ce.jpeg,champion,Jacket,winter,no,yes,Color,Blue,Material,Cotton
"Champion Men's Powerblend Fleece Pullover Hoodie, up to Size 4XL",Cotton/polyester blend helps reduce pilling and shrinkage.,#cotton,113776,5,enable,1230,300,50,10,https://i5.walmartimages.com/asr/caad199b-81a7-4323-a25a-4fa64691e630_1.59dc710f33f31749e3992f1698cfd0ce.jpeg,champion,Jacket,winter,no,yes,Color,Blue,Material,Cotton
"Champion Men's Powerblend Fleece Pullover Hoodie, up to Size 4XL",Cotton/polyester blend helps reduce pilling and shrinkage.,#cotton,113777,5,enable,1230,300,50,10,https://i5.walmartimages.com/asr/caad199b-81a7-4323-a25a-4fa64691e630_1.59dc710f33f31749e3992f1698cfd0ce.jpeg,champion,Jacket,winter,no,yes,Color,Blue,Material,Cotton
"Champion Men's Powerblend Fleece Pullover Hoodie, up to Size 4XL",Cotton/polyester blend helps reduce pilling and shrinkage.,#cotton,113778,5,enable,1230,300,50,10,https://i5.walmartimages.com/asr/caad199b-81a7-4323-a25a-4fa64691e630_1.59dc710f33f31749e3992f1698cfd0ce.jpeg,champion,Jacket,winter,no,yes,Color,Blue,Material,Cotton
"Champion Men's Powerblend Fleece Pullover Hoodie, up to Size 4XL",Cotton/polyester blend helps reduce pilling and shrinkage.,#cotton,113779,5,enable,1230,300,50,10,https://i5.walmartimages.com/asr/caad199b-81a7-4323-a25a-4fa64691e630_1.59dc710f33f31749e3992f1698cfd0ce.jpeg,champion,Jacket,winter,no,yes,Color,Blue,Material,Cotton
"Champion Men's Powerblend Fleece Pullover Hoodie, up to Size 4XL",Cotton/polyester blend helps reduce pilling and shrinkage.,#cotton,113780,5,enable,1230,300,50,10,https://i5.walmartimages.com/asr/caad199b-81a7-4323-a25a-4fa64691e630_1.59dc710f33f31749e3992f1698cfd0ce.jpeg,champion,Jacket,winter,no,yes,Color,Blue,Material,Cotton
"Champion Men's Powerblend Fleece Pullover Hoodie, up to Size 4XL",Cotton/polyester blend helps reduce pilling and shrinkage.,#cotton,113781,5,enable,1230,300,50,10,https://i5.walmartimages.com/asr/caad199b-81a7-4323-a25a-4fa64691e630_1.59dc710f33f31749e3992f1698cfd0ce.jpeg,champion,Jacket,winter,no,yes,Color,Blue,Material,Cotton
"Champion Men's Powerblend Fleece Pullover Hoodie, up to Size 4XL",Cotton/polyester blend helps reduce pilling and shrinkage.,#cotton,113782,5,enable,1230,300,50,10,https://i5.walmartimages.com/asr/caad199b-81a7-4323-a25a-4fa64691e630_1.59dc710f33f31749e3992f1698cfd0ce.jpeg,champion,Jacket,winter,no,yes,Color,Blue,Material,Cotton
"Champion Men's Powerblend Fleece Pullover Hoodie, up to Size 4XL",Cotton/polyester blend helps reduce pilling and shrinkage.,#cotton,113783,5,enable,1230,300,50,10,https://i5.walmartimages.com/asr/caad199b-81a7-4323-a25a-4fa64691e630_1.59dc710f33f31749e3992f1698cfd0ce.jpeg,champion,Jacket,winter,no,yes,Color,Blue,Material,Cotton
"Champion Men's Powerblend Fleece Pullover Hoodie, up to Size 4XL",Cotton/polyester blend helps reduce pilling and shrinkage.,#cotton,113784,5,enable,1230,300,50,10,https://i5.walmartimages.com/asr/caad199b-81a7-4323-a25a-4fa64691e630_1.59dc710f33f31749e3992f1698cfd0ce.jpeg,champion,Jacket,winter,no,yes,Color,Blue,Material,Cotton
"Champion Men's Powerblend Fleece Pullover Hoodie, up to Size 4XL",Cotton/polyester blend helps reduce pilling and shrinkage.,#cotton,113785,5,enable,1230,300,50,10,https://i5.walmartimages.com/asr/caad199b-81a7-4323-a25a-4fa64691e630_1.59dc710f33f31749e3992f1698cfd0ce.jpeg,champion,Jacket,winter,no,yes,Color,Blue,Material,Cotton
"Champion Men's Powerblend Fleece Pullover Hoodie, up to Size 4XL",Cotton/polyester blend helps reduce pilling and shrinkage.,#cotton,113786,5,enable,1230,300,50,10,https://i5.walmartimages.com/asr/caad199b-81a7-4323-a25a-4fa64691e630_1.59dc710f33f31749e3992f1698cfd0ce.jpeg,champion,Jacket,winter,no,yes,Color,Blue,Material,Cotton
"Champion Men's Powerblend Fleece Pullover Hoodie, up to Size 4XL",Cotton/polyester blend helps reduce pilling and shrinkage.,#cotton,113787,5,enable,1230,300,50,10,https://i5.walmartimages.com/asr/caad199b-81a7-4323-a25a-4fa64691e630_1.59dc710f33f31749e3992f1698cfd0ce.jpeg,champion,Jacket,winter,no,yes,Color,Blue,Material,Cotton
"Champion Men's Powerblend Fleece Pullover Hoodie, up to Size 4XL",Cotton/polyester blend helps reduce pilling and shrinkage.,#cotton,113788,5,enable,1230,300,50,10,https://i5.walmartimages.com/asr/caad199b-81a7-4323-a25a-4fa64691e630_1.59dc710f33f31749e3992f1698cfd0ce.jpeg,champion,Jacket,winter,no,yes,Color,Blue,Material,Cotton
"Champion Men's Powerblend Fleece Pullover Hoodie, up to Size 4XL",Cotton/polyester blend helps reduce pilling and shrinkage.,#cotton,113789,5,enable,1230,300,50,10,https://i5.walmartimages.com/asr/caad199b-81a7-4323-a25a-4fa64691e630_1.59dc710f33f31749e3992f1698cfd0ce.jpeg,champion,Jacket,winter,no,yes,Color,Blue,Material,Cotton
"Champion Men's Powerblend Fleece Pullover Hoodie, up to Size 4XL",Cotton/polyester blend helps reduce pilling and shrinkage.,#cotton,113790,5,enable,1230,300,50,10,https://i5.walmartimages.com/asr/caad199b-81a7-4323-a25a-4fa64691e630_1.59dc710f33f31749e3992f1698cfd0ce.jpeg,champion,Jacket,winter,no,yes,Color,Blue,Material,Cotton
"Champion Men's Powerblend Fleece Pullover Hoodie, up to Size 4XL",Cotton/polyester blend helps reduce pilling and shrinkage.,#cotton,113791,5,enable,1230,300,50,10,https://i5.walmartimages.com/asr/caad199b-81a7-4323-a25a-4fa64691e630_1.59dc710f33f31749e3992f1698cfd0ce.jpeg,champion,Jacket,winter,no,yes,Color,Blue,Material,Cotton
"Champion Men's Powerblend Fleece Pullover Hoodie, up to Size 4XL",Cotton/polyester blend helps reduce pilling and shrinkage.,#cotton,113792,5,enable,1230,300,50,10,https://i5.walmartimages.com/asr/caad199b-81a7-4323-a25a-4fa64691e630_1.59dc710f33f31749e3992f1698cfd0ce.jpeg,champion,Jacket,winter,no,yes,Color,Blue,Material,Cotton
"Champion Men's Powerblend Fleece Pullover Hoodie, up to Size 4XL",Cotton/polyester blend helps reduce pilling and shrinkage.,#cotton,113793,5,enable,1230,300,50,10,https://i5.walmartimages.com/asr/caad199b-81a7-4323-a25a-4fa64691e630_1.59dc710f33f31749e3992f1698cfd0ce.jpeg,champion,Jacket,winter,no,yes,Color,Blue,Material,Cotton
"Champion Men's Powerblend Fleece Pullover Hoodie, up to Size 4XL",Cotton/polyester blend helps reduce pilling and shrinkage.,#cotton,113794,5,enable,1230,300,50,10,https://i5.walmartimages.com/asr/caad199b-81a7-4323-a25a-4fa64691e630_1.59dc710f33f31749e3992f1698cfd0ce.jpeg,champion,Jacket,winter,no,yes,Color,Blue,Material,Cotton
"Champion Men's Powerblend Fleece Pullover Hoodie, up to Size 4XL",Cotton/polyester blend helps reduce pilling and shrinkage.,#cotton,113795,5,enable,1230,300,50,10,https://i5.walmartimages.com/asr/caad199b-81a7-4323-a25a-4fa64691e630_1.59dc710f33f31749e3992f1698cfd0ce.jpeg,champion,Jacket,winter,no,yes,Color,Blue,Material,Cotton
"Champion Men's Powerblend Fleece Pullover Hoodie, up to Size 4XL",Cotton/polyester blend helps reduce pilling and shrinkage.,#cotton,113796,5,enable,1230,300,50,10,https://i5.walmartimages.com/asr/caad199b-81a7-4323-a25a-4fa64691e630_1.59dc710f33f31749e3992f1698cfd0ce.jpeg,champion,Jacket,winter,no,yes,Color,Blue,Material,Cotton
"Champion Men's Powerblend Fleece Pullover Hoodie, up to Size 4XL",Cotton/polyester blend helps reduce pilling and shrinkage.,#cotton,113797,5,enable,1230,300,50,10,https://i5.walmartimages.com/asr/caad199b-81a7-4323-a25a-4fa64691e630_1.59dc710f33f31749e3992f1698cfd0ce.jpeg,champion,Jacket,winter,no,yes,Color,Blue,Material,Cotton
"Champion Men's Powerblend Fleece Pullover Hoodie, up to Size 4XL",Cotton/polyester blend helps reduce pilling and shrinkage.,#cotton,113798,5,enable,1230,300,50,10,https://i5.walmartimages.com/asr/caad199b-81a7-4323-a25a-4fa64691e630_1.59dc710f33f31749e3992f1698cfd0ce.jpeg,champion,Jacket,winter,no,yes,Color,Blue,Material,Cotton
"Champion Men's Powerblend Fleece Pullover Hoodie, up to Size 4XL",Cotton/polyester blend helps reduce pilling and shrinkage.,#cotton,113799,5,enable,1230,300,50,10,https://i5.walmartimages.com/asr/caad199b-81a7-4323-a25a-4fa64691e630_1.59dc710f33f31749e3992f1698cfd0ce.jpeg,champion,Jacket,winter,no,yes,Color,Blue,Material,Cotton
"Champion Men's Powerblend Fleece Pullover Hoodie, up to Size 4XL",Cotton/polyester blend helps reduce pilling and shrinkage.,#cotton,113800,5,enable,1230,300,50,10,https://i5.walmartimages.com/asr/caad199b-81a7-4323-a25a-4fa64691e630_1.59dc710f33f31749e3992f1698cfd0ce.jpeg,champion,Jacket,winter,no,yes,Color,Blue,Material,Cotton
"Champion Men's Powerblend Fleece Pullover Hoodie, up to Size 4XL",Cotton/polyester blend helps reduce pilling and shrinkage.,#cotton,113801,5,enable,1230,300,50,10,https://i5.walmartimages.com/asr/caad199b-81a7-4323-a25a-4fa64691e630_1.59dc710f33f31749e3992f1698cfd0ce.jpeg,champion,Jacket,winter,no,yes,Color,Blue,Material,Cotton
"Champion Men's Powerblend Fleece Pullover Hoodie, up to Size 4XL",Cotton/polyester blend helps reduce pilling and shrinkage.,#cotton,113802,5,enable,1230,300,50,10,https://i5.walmartimages.com/asr/caad199b-81a7-4323-a25a-4fa64691e630_1.59dc710f33f31749e3992f1698cfd0ce.jpeg,champion,Jacket,winter,no,yes,Color,Blue,Material,Cotton
"Champion Men's Powerblend Fleece Pullover Hoodie, up to Size 4XL",Cotton/polyester blend helps reduce pilling and shrinkage.,#cotton,113803,5,enable,1230,300,50,10,https://i5.walmartimages.com/asr/caad199b-81a7-4323-a25a-4fa64691e630_1.59dc710f33f31749e3992f1698cfd0ce.jpeg,champion,Jacket,winter,no,yes,Color,Blue,Material,Cotton
"Champion Men's Powerblend Fleece Pullover Hoodie, up to Size 4XL",Cotton/polyester blend helps reduce pilling and shrinkage.,#cotton,113804,5,enable,1230,300,50,10,https://i5.walmartimages.com/asr/caad199b-81a7-4323-a25a-4fa64691e630_1.59dc710f33f31749e3992f1698cfd0ce.jpeg,champion,Jacket,winter,no,yes,Color,Blue,Material,Cotton
"Champion Men's Powerblend Fleece Pullover Hoodie, up to Size 4XL",Cotton/polyester blend helps reduce pilling and shrinkage.,#cotton,113805,5,enable,1230,300,50,10,https://i5.walmartimages.com/asr/caad199b-81a7-4323-a25a-4fa64691e630_1.59dc710f33f31749e3992f1698cfd0ce.jpeg,champion,Jacket,winter,no,yes,Color,Blue,Material,Cotton
"Champion Men's Powerblend Fleece Pullover Hoodie, up to Size 4XL",Cotton/polyester blend helps reduce pilling and shrinkage.,#cotton,113806,5,enable,1230,300,50,10,https://i5.walmartimages.com/asr/caad199b-81a7-4323-a25a-4fa64691e630_1.59dc710f33f31749e3992f1698cfd0ce.jpeg,champion,Jacket,winter,no,yes,Color,Blue,Material,Cotton
"Champion Men's Powerblend Fleece Pullover Hoodie, up to Size 4XL",Cotton/polyester blend helps reduce pilling and shrinkage.,#cotton,113807,5,enable,1230,300,50,10,https://i5.walmartimages.com/asr/caad199b-81a7-4323-a25a-4fa64691e630_1.59dc710f33f31749e3992f1698cfd0ce.jpeg,champion,Jacket,winter,no,yes,Color,Blue,Material,Cotton
"Champion Men's Powerblend Fleece Pullover Hoodie, up to Size 4XL",Cotton/polyester blend helps reduce pilling and shrinkage.,#cotton,113808,5,enable,1230,300,50,10,https://i5.walmartimages.com/asr/caad199b-81a7-4323-a25a-4fa64691e630_1.59dc710f33f31749e3992f1698cfd0ce.jpeg,champion,Jacket,winter,no,yes,Color,Blue,Material,Cotton
"Champion Men's Powerblend Fleece Pullover Hoodie, up to Size 4XL",Cotton/polyester blend helps reduce pilling and shrinkage.,#cotton,113809,5,enable,1230,300,50,10,https://i5.walmartimages.com/asr/caad199b-81a7-4323-a25a-4fa64691e630_1.59dc710f33f31749e3992f1698cfd0ce.jpeg,champion,Jacket,winter,no,yes,Color,Blue,Material,Cotton
"Champion Men's Powerblend Fleece Pullover Hoodie, up to Size 4XL",Cotton/polyester blend helps reduce pilling and shrinkage.,#cotton,113810,5,enable,1230,300,50,10,https://i5.walmartimages.com/asr/caad199b-81a7-4323-a25a-4fa64691e630_1.59dc710f33f31749e3992f1698cfd0ce.jpeg,champion,Jacket,winter,no,yes,Color,Blue,Material,Cotton
